stock,year,bbmsy,ffmsy,bbmsy.effEdepP,ffmsy.effEdepP
Auxis thazard,1974,1.73013611671286,0.000363326000460584,1.73013611671286,0.000363326000460584
Auxis thazard,1975,0.256786412170835,0.00445084039953365,0.256786412170835,0.00445084039953365
Auxis thazard,1976,0.226067448375031,0.00935293156657244,0.226067448375031,0.00935293156657244
Auxis thazard,1977,0.16430292320969,0.0166947535444533,0.16430292320969,0.0166947535444533
Auxis thazard,1978,0.163537755305051,0.0190441912844251,0.163537755305051,0.0190441912844251
Auxis thazard,1979,0.226386547148042,0.0223396682861541,0.226386547148042,0.0223396682861541
Auxis thazard,1980,0.274509906855526,0.0314342418303609,0.274509906855526,0.0314342418303609
Auxis thazard,1981,0.407523092806343,0.0356176742875563,0.407523092806343,0.0356176742875563
Auxis thazard,1982,0.380275677271092,0.0330604071261475,0.380275677271092,0.0330604071261475
Auxis thazard,1983,0.25820109043167,0.0220216103416398,0.25820109043167,0.0220216103416398
Auxis thazard,1984,0.130044929724204,0.0136223594155953,0.130044929724204,0.0136223594155953
Auxis thazard,1985,0.121313800510605,0.0233173426931943,0.121313800510605,0.0233173426931943
Auxis thazard,1986,0.123197820913975,0.0102047817221803,0.123197820913975,0.0102047817221803
Auxis thazard,1987,0.236096237389547,0.0365487010396063,0.236096237389547,0.0365487010396063
Auxis thazard,1988,0.280364685354235,0.0311854623188851,0.280364685354235,0.0311854623188851
Auxis thazard,1989,0.340780863100576,0.0162659937405848,0.340780863100576,0.0162659937405848
Auxis thazard,1990,0.702024327201438,0.0598707336799516,0.702024327201438,0.0598707336799516
Auxis thazard,1991,0.739805101292901,0.0589374418253787,0.739805101292901,0.0589374418253787
Auxis thazard,1992,0.874067836494923,0.0428233092845802,0.874067836494923,0.0428233092845802
Auxis thazard,1993,0.912798686366837,0.0400359010779731,0.912798686366837,0.0400359010779731
Auxis thazard,1994,0.776468285400479,0.0496412029654933,0.776468285400479,0.0496412029654933
Auxis thazard,1995,0.762016830731959,0.0339717330992721,0.762016830731959,0.0339717330992721
Auxis thazard,1996,0.788135871448503,0.0458972516507443,0.788135871448503,0.0458972516507443
Auxis thazard,1997,1.13726035222523,0.145394391096384,1.13726035222523,0.145394391096384
Auxis thazard,1998,1.0510835362456,0.0885933647505253,1.0510835362456,0.0885933647505253
Auxis thazard,1999,0.844296140926738,0.0791231870304058,0.844296140926738,0.0791231870304058
Auxis thazard,2000,0.74937055209773,0.0627224983909284,0.74937055209773,0.0627224983909284
Auxis thazard,2001,0.334163523060479,0.0712262418176141,0.334163523060479,0.0712262418176141
Auxis thazard,2002,0.0894425666180988,0.288148493849573,0.0894425666180988,0.288148493849573
Auxis thazard,2003,0.0042297843821351,0.0067551631128555,0.0042297843821351,0.0067551631128555
Auxis thazard,2004,0.000791442956498738,3.61022651081953e-05,0.000791442956498738,3.61022651081953e-05
Auxis thazard,2005,0.0866716111298111,0.385052584292917,0.0866716111298111,0.385052584292917
Auxis thazard,2006,0.324301314150818,0.107489289336326,0.324301314150818,0.107489289336326
Auxis thazard,2007,0.572239302509437,0.0776437996207163,0.572239302509437,0.0776437996207163
Auxis thazard,2008,0.603236428316512,0.0559392200984504,0.603236428316512,0.0559392200984504
Auxis thazard,2009,0.681688869867703,0.0502558993569203,0.681688869867703,0.0502558993569203
Auxis thazard,2010,0.661171141532165,0.0549274133300717,0.661171141532165,0.0549274133300717
Auxis thazard,2011,0.503857331242571,0.0579569979754427,0.503857331242571,0.0579569979754427
Auxis thazard,2012,0.33679285499228,0.0102662647768192,0.33679285499228,0.0102662647768192
Auxis thazard,2013,0.822653064499726,0.0703689511315524,0.822653064499726,0.0703689511315524
Auxis thazard,2014,0.98572264355343,0.103453665837134,0.98572264355343,0.103453665837134
Auxis thazard,2015,1.14585597707051,0.12218562509247,1.14585597707051,0.12218562509247
Auxis thazard,2016,0.0197681211229784,12.2772452867209,0.0197681211229784,12.2772452867209
Auxis thazard,2017,0.000212615629618947,730.933625498282,0.000212615629618947,730.933625498282
Auxis thazard,2018,8.31349355589699e-06,32695.5013888689,8.31349355589699e-06,32695.5013888689
Auxis thazard,2019,1.52106136492735e-07,914069.964522465,1.52106136492735e-07,914069.964522465
Auxis thazard,2020,2.51105886244885e-08,5282229.68180236,2.51105886244885e-08,5282229.68180236
Auxis thazard,2021,5.58078815145564e-09,25660662.3338386,5.58078815145564e-09,25660662.3338386
Cololabis saira,2005,1.7611188245588,0.0367808664593568,1.7611188245588,0.0367808664593568
Cololabis saira,2006,0.456772164690944,0.148088309047899,0.456772164690944,0.148088309047899
Cololabis saira,2007,0.0644209992073011,0.364554898780292,0.0644209992073011,0.364554898780292
Cololabis saira,2008,0.00074339141719367,0.221092694944398,0.00074339141719367,0.221092694944398
Cololabis saira,2009,5.72148518660627e-06,0.00319183658837082,5.72148518660627e-06,0.00319183658837082
Cololabis saira,2010,2.89883343157521e-06,0.00629979134348124,2.89883343157521e-06,0.00629979134348124
Cololabis saira,2011,1.57881134380858e-05,0.00115669587946954,1.57881134380858e-05,0.00115669587946954
Cololabis saira,2012,0.0339494494428342,0.356102219343455,0.0339494494428342,0.356102219343455
Cololabis saira,2013,0.380875840036799,0.293870250322553,0.380875840036799,0.293870250322553
Cololabis saira,2014,0.611259004011866,0.373511219586843,0.611259004011866,0.373511219586843
Cololabis saira,2015,0.237998095196549,0.579786227434938,0.237998095196549,0.579786227434938
Cololabis saira,2016,0.000457379873440842,112.715399539154,0.000457379873440842,112.715399539154
Cololabis saira,2017,1.79895598046431e-06,85140.3699919517,1.79895598046431e-06,85140.3699919517
Cololabis saira,2018,1.11054436368686e-08,5199665.18910207,1.11054436368686e-08,5199665.18910207
Cololabis saira,2019,7.43336418679045e-09,14467902.3883315,7.43336418679045e-09,14467902.3883315
Cololabis saira,2020,2.54269468969427e-09,40350177.4364575,2.54269468969427e-09,40350177.4364575
Cololabis saira,2021,1.91669273417629e-09,57793062.5605205,1.91669273417629e-09,57793062.5605205
Elasmobranchii,1959,1.62926627334594,0.000385319547409621,1.62926627334594,0.000385319547409621
Elasmobranchii,1960,0.247066962872235,0.00192925009044812,0.247066962872235,0.00192925009044812
Elasmobranchii,1961,0.241065750507437,0.00255599327322747,0.241065750507437,0.00255599327322747
Elasmobranchii,1962,0.182132360202588,0.00312772321545379,0.182132360202588,0.00312772321545379
Elasmobranchii,1963,0.166269479968147,0.00405541034106866,0.166269479968147,0.00405541034106866
Elasmobranchii,1964,0.0606843585227381,0.00747148950404344,0.0606843585227381,0.00747148950404344
Elasmobranchii,1965,0.0256932688398268,0.0185517056408622,0.0256932688398268,0.0185517056408622
Elasmobranchii,1966,0.0189602234420505,0.0239133546684201,0.0189602234420505,0.0239133546684201
Elasmobranchii,1967,0.0244655867870842,0.0156811407379574,0.0244655867870842,0.0156811407379574
Elasmobranchii,1968,0.0294543339449633,0.0126304877233768,0.0294543339449633,0.0126304877233768
Elasmobranchii,1969,0.0054905339125277,0.0508178178869718,0.0054905339125277,0.0508178178869718
Elasmobranchii,1970,0.000111768295677385,0.00010401613697712,0.000111768295677385,0.00010401613697712
Elasmobranchii,1971,5.1727529094224e-05,0.000224748921057129,5.1727529094224e-05,0.000224748921057129
Elasmobranchii,1972,0.00111044898845205,1.04693745266806,0.00111044898845205,1.04693745266806
Elasmobranchii,1973,6.70354657924832e-05,0.000173426203807802,6.70354657924832e-05,0.000173426203807802
Elasmobranchii,1974,0.00179292200100741,0.272337372482754,0.00179292200100741,0.272337372482754
Elasmobranchii,1975,0.0181716050454512,0.0281500218746327,0.0181716050454512,0.0281500218746327
Elasmobranchii,1976,0.184323486082623,0.00353204884302886,0.184323486082623,0.00353204884302886
Elasmobranchii,1977,0.0931581451965501,0.0036190660894132,0.0931581451965501,0.0036190660894132
Elasmobranchii,1978,0.145041457875182,0.00200385919363877,0.145041457875182,0.00200385919363877
Elasmobranchii,1979,0.0484867912992165,0.0105499057747487,0.0484867912992165,0.0105499057747487
Elasmobranchii,1980,0.0384341959431749,0.00786456845934117,0.0384341959431749,0.00786456845934117
Elasmobranchii,1981,0.0851960625258133,0.020059364050484,0.0851960625258133,0.020059364050484
Elasmobranchii,1982,0.147273316211321,0.0123935275198316,0.147273316211321,0.0123935275198316
Elasmobranchii,1983,0.11555819623031,0.00804838201503792,0.11555819623031,0.00804838201503792
Elasmobranchii,1984,0.148181378450915,0.00737485646708665,0.148181378450915,0.00737485646708665
Elasmobranchii,1985,0.0714683358028225,0.0248884076005042,0.0714683358028225,0.0248884076005042
Elasmobranchii,1986,0.109111905592413,0.0335627673375658,0.109111905592413,0.0335627673375658
Elasmobranchii,1987,0.136934720062667,0.0258094859335715,0.136934720062667,0.0258094859335715
Elasmobranchii,1988,0.122227140431635,0.0323392999788737,0.122227140431635,0.0323392999788737
Elasmobranchii,1989,0.154018729295555,0.0138887652087083,0.154018729295555,0.0138887652087083
Elasmobranchii,1990,0.2087302312691,0.0102482997116587,0.2087302312691,0.0102482997116587
Elasmobranchii,1991,0.11837076842236,0.0228839401511304,0.11837076842236,0.0228839401511304
Elasmobranchii,1992,0.50929483202104,0.00682529250437585,0.50929483202104,0.00682529250437585
Elasmobranchii,1993,0.278329787950117,0.0291133672311363,0.278329787950117,0.0291133672311363
Elasmobranchii,1994,0.248883491096291,0.0132660490644596,0.248883491096291,0.0132660490644596
Elasmobranchii,1995,0.291420495023239,0.00893608468696423,0.291420495023239,0.00893608468696423
Elasmobranchii,1996,0.253177690496338,0.0334750661270083,0.253177690496338,0.0334750661270083
Elasmobranchii,1997,0.243693284945651,0.0628769109354435,0.243693284945651,0.0628769109354435
Elasmobranchii,1998,0.974667773947606,0.00769347340503071,0.974667773947606,0.00769347340503071
Elasmobranchii,1999,0.368337805410068,0.0305210539839033,0.368337805410068,0.0305210539839033
Elasmobranchii,2000,1.5122136403439,0.0809840537434696,1.5122136403439,0.0809840537434696
Elasmobranchii,2001,1.85892804619896,0.0844538006246551,1.85892804619896,0.0844538006246551
Elasmobranchii,2002,3.03901323508837,0.0415753953238066,3.03901323508837,0.0415753953238066
Elasmobranchii,2003,1.34758983402844,0.0530562729584168,1.34758983402844,0.0530562729584168
Elasmobranchii,2004,1.67116116486748,0.031019763812902,1.67116116486748,0.031019763812902
Elasmobranchii,2005,0.628356862473023,0.0942109496757456,0.628356862473023,0.0942109496757456
Elasmobranchii,2006,1.19863451842375,0.0478748823563575,1.19863451842375,0.0478748823563575
Elasmobranchii,2007,2.57667796836352,0.0194553011315763,2.57667796836352,0.0194553011315763
Elasmobranchii,2008,2.95478371556818,0.0257908911375133,2.95478371556818,0.0257908911375133
Elasmobranchii,2009,1.64297801347012,0.0453500603201779,1.64297801347012,0.0453500603201779
Elasmobranchii,2010,0.376202782358723,0.136755862206025,0.376202782358723,0.136755862206025
Elasmobranchii,2011,2.14079816372882,0.0214368151655805,2.14079816372882,0.0214368151655805
Elasmobranchii,2012,0.924225190854042,0.0616988426596766,0.924225190854042,0.0616988426596766
Elasmobranchii,2013,1.59276616642019,0.0411142554269198,1.59276616642019,0.0411142554269198
Elasmobranchii,2014,1.3380260588834,0.0527865864213267,1.3380260588834,0.0527865864213267
Elasmobranchii,2015,2.84407704575637,0.0188406145635424,2.84407704575637,0.0188406145635424
Elasmobranchii,2016,1.0482704048676,0.0210839240488343,1.0482704048676,0.0210839240488343
Elasmobranchii,2017,0.305062774492768,0.177308511323911,0.305062774492768,0.177308511323911
Elasmobranchii,2018,0.262860374252307,0.315345486895852,0.262860374252307,0.315345486895852
Elasmobranchii,2019,1.53487682208681,0.0241468408408224,1.53487682208681,0.0241468408408224
Elasmobranchii,2020,0.235040625301273,0.10998802029489,0.235040625301273,0.10998802029489
Elasmobranchii,2021,0.279716049204784,0.209222528137624,0.279716049204784,0.209222528137624
Grampus griseus,1955,1.58559506106865,0.00413136280833419,1.58559506106865,0.00413136280833419
Grampus griseus,1956,0.471271246732043,0.0138999960421986,0.471271246732043,0.0138999960421986
Grampus griseus,1957,0.408215702229566,0.0267451269373821,0.408215702229566,0.0267451269373821
Grampus griseus,1958,0.460249774772019,0.0237214255658688,0.460249774772019,0.0237214255658688
Grampus griseus,1959,0.477849107409681,0.0228477580153813,0.477849107409681,0.0228477580153813
Grampus griseus,1960,0.809716800528909,0.0350569853481613,0.809716800528909,0.0350569853481613
Grampus griseus,1961,1.07353785652337,0.0284757411965836,1.07353785652337,0.0284757411965836
Grampus griseus,1962,1.15729051414991,0.0396224445720307,1.15729051414991,0.0396224445720307
Grampus griseus,1963,1.24678217811565,0.0262703003754748,1.24678217811565,0.0262703003754748
Grampus griseus,1964,1.42918220685665,0.027501049619635,1.42918220685665,0.027501049619635
Grampus griseus,1965,2.27496343805268,0.0393526334749024,2.27496343805268,0.0393526334749024
Grampus griseus,1966,2.70680616204442,0.0443680046977869,2.70680616204442,0.0443680046977869
Grampus griseus,1967,2.74369498375452,0.0644634515080683,2.74369498375452,0.0644634515080683
Grampus griseus,1968,2.53969626013802,0.0429885295549831,2.53969626013802,0.0429885295549831
Grampus griseus,1969,2.44173797148918,0.0348762606926939,2.44173797148918,0.0348762606926939
Grampus griseus,1970,3.24700063965164,0.0383315911008023,3.24700063965164,0.0383315911008023
Grampus griseus,1971,1.1390335266324,0.0325894310953428,1.1390335266324,0.0325894310953428
Grampus griseus,1972,1.51004536169214,0.0332584654966582,1.51004536169214,0.0332584654966582
Grampus griseus,1973,1.87985544107223,0.0243926624615811,1.87985544107223,0.0243926624615811
Grampus griseus,1974,1.36950306291487,0.051547435267641,1.36950306291487,0.051547435267641
Grampus griseus,1975,1.6150799576787,0.0589598573480924,1.6150799576787,0.0589598573480924
Grampus griseus,1976,1.90706023825213,0.0501160115334702,1.90706023825213,0.0501160115334702
Grampus griseus,1977,1.43856860752606,0.0577852056398659,1.43856860752606,0.0577852056398659
Grampus griseus,1978,1.76036787978196,0.0805018065107978,1.76036787978196,0.0805018065107978
Grampus griseus,1979,2.54631695330196,0.11909447423045,2.54631695330196,0.11909447423045
Grampus griseus,1980,1.9734482741343,0.11370058866372,1.9734482741343,0.11370058866372
Grampus griseus,1981,2.16278595430634,0.0895922098950518,2.16278595430634,0.0895922098950518
Grampus griseus,1982,1.89856537826131,0.0618528344345359,1.89856537826131,0.0618528344345359
Grampus griseus,1983,2.18954243112338,0.0743860686465006,2.18954243112338,0.0743860686465006
Grampus griseus,1984,1.9887911278966,0.0941146764802649,1.9887911278966,0.0941146764802649
Grampus griseus,1985,1.93254727225476,0.0852159259226326,1.93254727225476,0.0852159259226326
Grampus griseus,1986,1.57409741116478,0.0760035820353403,1.57409741116478,0.0760035820353403
Grampus griseus,1987,1.68695997025264,0.0924182625559475,1.68695997025264,0.0924182625559475
Grampus griseus,1988,1.74038179159046,0.101751469137032,1.74038179159046,0.101751469137032
Grampus griseus,1989,1.64086231845121,0.0756257821765232,1.64086231845121,0.0756257821765232
Grampus griseus,1990,2.03277699298244,0.115334060327045,2.03277699298244,0.115334060327045
Grampus griseus,1991,1.98630869292807,0.118636836793895,1.98630869292807,0.118636836793895
Grampus griseus,1992,1.53486736509414,0.0751578112097069,1.53486736509414,0.0751578112097069
Grampus griseus,1993,1.48681543880652,0.0673799543420766,1.48681543880652,0.0673799543420766
Grampus griseus,1994,1.164545973178,0.0796886844453459,1.164545973178,0.0796886844453459
Grampus griseus,1995,1.21896142503213,0.0891542485203386,1.21896142503213,0.0891542485203386
Grampus griseus,1996,1.35335785746069,0.110246075148903,1.35335785746069,0.110246075148903
Grampus griseus,1997,1.32614396069731,0.122815816693332,1.32614396069731,0.122815816693332
Grampus griseus,1998,1.20144108345267,0.114935383125273,1.20144108345267,0.114935383125273
Grampus griseus,1999,1.1214552348983,0.109425550018022,1.1214552348983,0.109425550018022
Grampus griseus,2000,1.35841042240564,0.0852583405868538,1.35841042240564,0.0852583405868538
Grampus griseus,2001,1.57477761516185,0.120549320913573,1.57477761516185,0.120549320913573
Grampus griseus,2002,1.19799548288325,0.0947973153767089,1.19799548288325,0.0947973153767089
Grampus griseus,2003,1.52802934366997,0.0986582604263337,1.52802934366997,0.0986582604263337
Grampus griseus,2004,1.15263629418852,0.0974290794131535,1.15263629418852,0.0974290794131535
Grampus griseus,2005,1.06080640674976,0.107983280598186,1.06080640674976,0.107983280598186
Grampus griseus,2006,0.975532702851284,0.0986652267237471,0.975532702851284,0.0986652267237471
Grampus griseus,2007,0.926574779401478,0.114624500612579,0.926574779401478,0.114624500612579
Grampus griseus,2008,0.888592249946655,0.113184192745074,0.888592249946655,0.113184192745074
Grampus griseus,2009,0.767098730549948,0.139308323635122,0.767098730549948,0.139308323635122
Grampus griseus,2010,0.38159915566182,0.0411420426906585,0.38159915566182,0.0411420426906585
Grampus griseus,2011,0.575601649720489,0.169760003249491,0.575601649720489,0.169760003249491
Grampus griseus,2012,0.654102350181916,0.163006671675866,0.654102350181916,0.163006671675866
Grampus griseus,2013,0.535888886410926,0.0974654719422276,0.535888886410926,0.0974654719422276
Grampus griseus,2014,0.349150987451231,0.0788617076896539,0.349150987451231,0.0788617076896539
Grampus griseus,2015,0.37022008493898,0.0927164790613538,0.37022008493898,0.0927164790613538
Grampus griseus,2016,0.458398192737112,0.128470204350317,0.458398192737112,0.128470204350317
Grampus griseus,2017,0.548954816103931,0.0444702498173509,0.548954816103931,0.0444702498173509
Grampus griseus,2018,0.618282459399671,0.0414615502470409,0.618282459399671,0.0414615502470409
Grampus griseus,2019,0.681666238212032,0.0651675002787739,0.681666238212032,0.0651675002787739
Grampus griseus,2020,0.669042772567371,0.101794861644842,0.669042772567371,0.101794861644842
Grampus griseus,2021,0.617674511431787,0.09277297317744,0.617674511431787,0.09277297317744
Katsuwonus pelamis,1968,1.6857519641025,0.00035125372480138,1.6857519641025,0.00035125372480138
Katsuwonus pelamis,1969,0.370219965999527,0.00319878294453196,0.370219965999527,0.00319878294453196
Katsuwonus pelamis,1970,0.179967585014792,0.00690938859078714,0.179967585014792,0.00690938859078714
Katsuwonus pelamis,1971,0.0668389143236956,0.00442950534485511,0.0668389143236956,0.00442950534485511
Katsuwonus pelamis,1972,0.0640905328608801,0.00461945493391014,0.0640905328608801,0.00461945493391014
Katsuwonus pelamis,1973,0.0886045475797547,0.00801936251792395,0.0886045475797547,0.00801936251792395
Katsuwonus pelamis,1974,0.075350233077016,0.0117089049645908,0.075350233077016,0.0117089049645908
Katsuwonus pelamis,1975,0.0822857956529513,0.0107220050697401,0.0822857956529513,0.0107220050697401
Katsuwonus pelamis,1976,0.107940589021261,0.0161827321164475,0.107940589021261,0.0161827321164475
Katsuwonus pelamis,1977,0.0838472869475846,0.0137002132733723,0.0838472869475846,0.0137002132733723
Katsuwonus pelamis,1978,0.0840019643121152,0.0107144222783753,0.0840019643121152,0.0107144222783753
Katsuwonus pelamis,1979,0.142137034880229,0.0158720249307182,0.142137034880229,0.0158720249307182
Katsuwonus pelamis,1980,0.244174715570718,0.031452407824554,0.244174715570718,0.031452407824554
Katsuwonus pelamis,1981,0.35307786517063,0.0198561855735752,0.35307786517063,0.0198561855735752
Katsuwonus pelamis,1982,0.40826200748874,0.0140249757830852,0.40826200748874,0.0140249757830852
Katsuwonus pelamis,1983,0.529642353630143,0.0143547928467618,0.529642353630143,0.0143547928467618
Katsuwonus pelamis,1984,0.620633471588222,0.0115346844870463,0.620633471588222,0.0115346844870463
Katsuwonus pelamis,1985,1.34681297637978,0.0317119722493829,1.34681297637978,0.0317119722493829
Katsuwonus pelamis,1986,1.58734282298365,0.0320731282412254,1.58734282298365,0.0320731282412254
Katsuwonus pelamis,1987,1.2283428896275,0.022675783900513,1.2283428896275,0.022675783900513
Katsuwonus pelamis,1988,1.03048265966036,0.0223063984523688,1.03048265966036,0.0223063984523688
Katsuwonus pelamis,1989,0.879686808070447,0.0194932876273764,0.879686808070447,0.0194932876273764
Katsuwonus pelamis,1990,0.867541319756781,0.021690938188721,0.867541319756781,0.021690938188721
Katsuwonus pelamis,1991,0.829525695576931,0.0195156616299455,0.829525695576931,0.0195156616299455
Katsuwonus pelamis,1992,0.916109221523562,0.0211744067307802,0.916109221523562,0.0211744067307802
Katsuwonus pelamis,1993,0.9605098890155,0.0147706492682301,0.9605098890155,0.0147706492682301
Katsuwonus pelamis,1994,1.03733673411527,0.0137166679703133,1.03733673411527,0.0137166679703133
Katsuwonus pelamis,1995,2.4913191241587,0.100432352297553,2.4913191241587,0.100432352297553
Katsuwonus pelamis,1996,1.4456082455689,0.0292047522118065,1.4456082455689,0.0292047522118065
Katsuwonus pelamis,1997,1.07160028685725,0.0228098001459786,1.07160028685725,0.0228098001459786
Katsuwonus pelamis,1998,1.38537156648354,0.0414591197541085,1.38537156648354,0.0414591197541085
Katsuwonus pelamis,1999,1.00420913188488,0.0223239507614711,1.00420913188488,0.0223239507614711
Katsuwonus pelamis,2000,1.48654502435966,0.033765930965745,1.48654502435966,0.033765930965745
Katsuwonus pelamis,2001,1.22446636803481,0.0226992149240366,1.22446636803481,0.0226992149240366
Katsuwonus pelamis,2002,1.33536214879447,0.0257627182054517,1.33536214879447,0.0257627182054517
Katsuwonus pelamis,2003,2.88632318830066,0.0902204791352825,2.88632318830066,0.0902204791352825
Katsuwonus pelamis,2004,1.40939890512453,0.0229767503900202,1.40939890512453,0.0229767503900202
Katsuwonus pelamis,2005,2.37014666525603,0.0809114739801087,2.37014666525603,0.0809114739801087
Katsuwonus pelamis,2006,1.11847716711587,0.0212132315462688,1.11847716711587,0.0212132315462688
Katsuwonus pelamis,2007,0.949525287995201,0.0126092492168903,0.949525287995201,0.0126092492168903
Katsuwonus pelamis,2008,2.63144012094158,0.13138917810384,2.63144012094158,0.13138917810384
Katsuwonus pelamis,2009,3.93733826841491,0.135363833931961,3.93733826841491,0.135363833931961
Katsuwonus pelamis,2010,0.318934855896801,0.022613090236482,0.318934855896801,0.022613090236482
Katsuwonus pelamis,2011,0.185332254503575,0.0155488466204708,0.185332254503575,0.0155488466204708
Katsuwonus pelamis,2012,0.238118817524805,0.0212362958077919,0.238118817524805,0.0212362958077919
Katsuwonus pelamis,2013,0.438467815198371,0.0410305695886956,0.438467815198371,0.0410305695886956
Katsuwonus pelamis,2014,0.363312751233939,0.0226705001784111,0.363312751233939,0.0226705001784111
Katsuwonus pelamis,2015,0.425288731283099,0.0316503077282865,0.425288731283099,0.0316503077282865
Katsuwonus pelamis,2016,0.431173267537659,0.0319618529901056,0.431173267537659,0.0319618529901056
Katsuwonus pelamis,2017,0.324445836944575,0.0320024428253681,0.324445836944575,0.0320024428253681
Katsuwonus pelamis,2018,0.269193146104376,0.0427529850317554,0.269193146104376,0.0427529850317554
Katsuwonus pelamis,2019,0.188403597016566,0.260986784075489,0.188403597016566,0.260986784075489
Katsuwonus pelamis,2020,0.0610957735448094,1.69555712756921,0.0610957735448094,1.69555712756921
Katsuwonus pelamis,2021,0.00979691004337288,10.9957787439352,0.00979691004337288,10.9957787439352
Makaira nigricans,1950,1.61456576784828,0.000576453369338082,1.61456576784828,0.000576453369338082
Makaira nigricans,1951,0.644419652638689,0.0123967294872158,0.644419652638689,0.0123967294872158
Makaira nigricans,1952,0.379071538130541,0.0247572766123018,0.379071538130541,0.0247572766123018
Makaira nigricans,1953,0.227683876804279,0.0221421483034709,0.227683876804279,0.0221421483034709
Makaira nigricans,1954,0.19870012306319,0.0429371510864595,0.19870012306319,0.0429371510864595
Makaira nigricans,1955,0.182872670799499,0.0258713864690335,0.182872670799499,0.0258713864690335
Makaira nigricans,1956,0.230552404917489,0.042051261857145,0.230552404917489,0.042051261857145
Makaira nigricans,1957,0.295160158945389,0.0449342038340424,0.295160158945389,0.0449342038340424
Makaira nigricans,1958,0.382005018732902,0.0434493597134722,0.382005018732902,0.0434493597134722
Makaira nigricans,1959,0.334215159382897,0.0471095080781576,0.334215159382897,0.0471095080781576
Makaira nigricans,1960,0.292966131693023,0.0389169318858295,0.292966131693023,0.0389169318858295
Makaira nigricans,1961,0.250838568929404,0.0516369798129189,0.250838568929404,0.0516369798129189
Makaira nigricans,1962,0.132208676042759,0.0105596913691926,0.132208676042759,0.0105596913691926
Makaira nigricans,1963,0.307554496291572,0.0110960721533708,0.307554496291572,0.0110960721533708
Makaira nigricans,1964,2.25698686151743,0.191856833820395,2.25698686151743,0.191856833820395
Makaira nigricans,1965,4.03891306301483,0.0508501398677428,4.03891306301483,0.0508501398677428
Makaira nigricans,1966,4.94139345815424,0.0441528734400249,4.94139345815424,0.0441528734400249
Makaira nigricans,1967,4.21065623528316,0.0356978995005238,4.21065623528316,0.0356978995005238
Makaira nigricans,1968,5.4912833852437,0.0379941820700313,5.4912833852437,0.0379941820700313
Makaira nigricans,1969,7.29625547412818,0.0506844678155631,7.29625547412818,0.0506844678155631
Makaira nigricans,1970,8.65841497247882,0.0537466660960701,8.65841497247882,0.0537466660960701
Makaira nigricans,1971,4.711539839751,0.0460928794679206,4.711539839751,0.0460928794679206
Makaira nigricans,1972,5.80237371111101,0.0481478266120752,5.80237371111101,0.0481478266120752
Makaira nigricans,1973,7.18697922960244,0.0486060879405422,7.18697922960244,0.0486060879405422
Makaira nigricans,1974,3.58847103085134,0.0608209675528242,3.58847103085134,0.0608209675528242
Makaira nigricans,1975,3.406826866556,0.0614001679643333,3.406826866556,0.0614001679643333
Makaira nigricans,1976,4.05410494763185,0.0747649839254629,4.05410494763185,0.0747649839254629
Makaira nigricans,1977,3.0199410508575,0.0825954741523131,3.0199410508575,0.0825954741523131
Makaira nigricans,1978,2.8184160059107,0.103471661912892,2.8184160059107,0.103471661912892
Makaira nigricans,1979,2.8642317749124,0.0870585631495652,2.8642317749124,0.0870585631495652
Makaira nigricans,1980,2.89017152796308,0.115608762515371,2.89017152796308,0.115608762515371
Makaira nigricans,1981,3.86366199701861,0.111090956168574,3.86366199701861,0.111090956168574
Makaira nigricans,1982,4.13800969332053,0.0924234498204278,4.13800969332053,0.0924234498204278
Makaira nigricans,1983,3.99973681275584,0.0809199574476275,3.99973681275584,0.0809199574476275
Makaira nigricans,1984,3.64538727877296,0.10212598066753,3.64538727877296,0.10212598066753
Makaira nigricans,1985,3.77003768723129,0.102884473412376,3.77003768723129,0.102884473412376
Makaira nigricans,1986,3.62167763042839,0.105642823741497,3.62167763042839,0.105642823741497
Makaira nigricans,1987,3.77055074021384,0.121342316858437,3.77055074021384,0.121342316858437
Makaira nigricans,1988,3.82535848433883,0.121164982730594,3.82535848433883,0.121164982730594
Makaira nigricans,1989,3.95578630599448,0.102249258271093,3.95578630599448,0.102249258271093
Makaira nigricans,1990,4.77172699544578,0.137460974478867,4.77172699544578,0.137460974478867
Makaira nigricans,1991,5.26584667879551,0.128274035185235,5.26584667879551,0.128274035185235
Makaira nigricans,1992,6.20059968961392,0.135892265489441,6.20059968961392,0.135892265489441
Makaira nigricans,1993,6.64314727631448,0.123640500834221,6.64314727631448,0.123640500834221
Makaira nigricans,1994,4.48352023113122,0.127233718366812,4.48352023113122,0.127233718366812
Makaira nigricans,1995,3.77868522800318,0.109956170680127,3.77868522800318,0.109956170680127
Makaira nigricans,1996,3.60379677129586,0.126375949402681,3.60379677129586,0.126375949402681
Makaira nigricans,1997,3.89864318512477,0.167210253324843,3.89864318512477,0.167210253324843
Makaira nigricans,1998,4.24108299270899,0.192314700322301,4.24108299270899,0.192314700322301
Makaira nigricans,1999,3.69723780395405,0.141663523958884,3.69723780395405,0.141663523958884
Makaira nigricans,2000,4.50192920462896,0.145922891035009,4.50192920462896,0.145922891035009
Makaira nigricans,2001,3.97376408409541,0.130946648650544,3.97376408409541,0.130946648650544
Makaira nigricans,2002,3.55406677458978,0.139775877410054,3.55406677458978,0.139775877410054
Makaira nigricans,2003,4.43605187603186,0.127021629153487,4.43605187603186,0.127021629153487
Makaira nigricans,2004,4.03821842553173,0.154804617970824,4.03821842553173,0.154804617970824
Makaira nigricans,2005,3.8321325803908,0.144590445594942,3.8321325803908,0.144590445594942
Makaira nigricans,2006,4.02852225887783,0.15044103599906,4.02852225887783,0.15044103599906
Makaira nigricans,2007,3.90520410836911,0.149114268588958,3.90520410836911,0.149114268588958
Makaira nigricans,2008,4.47310622715779,0.15594891140677,4.47310622715779,0.15594891140677
Makaira nigricans,2009,4.74898111847384,0.148604478634297,4.74898111847384,0.148604478634297
Makaira nigricans,2010,4.3072365133317,0.155673251491654,4.3072365133317,0.155673251491654
Makaira nigricans,2011,4.0603633416949,0.170526341616229,4.0603633416949,0.170526341616229
Makaira nigricans,2012,4.39261549514486,0.159337302754436,4.39261549514486,0.159337302754436
Makaira nigricans,2013,5.48333382414776,0.153982262865386,5.48333382414776,0.153982262865386
Makaira nigricans,2014,4.671895689058,0.172544986458943,4.671895689058,0.172544986458943
Makaira nigricans,2015,4.5666549516354,0.205306563298943,4.5666549516354,0.205306563298943
Makaira nigricans,2016,3.03999650909397,0.270980700001306,3.03999650909397,0.270980700001306
Makaira nigricans,2017,2.04812663931685,0.438786872964317,2.04812663931685,0.438786872964317
Makaira nigricans,2018,1.46497556690452,0.662958214251928,1.46497556690452,0.662958214251928
Makaira nigricans,2019,0.885038467976062,0.931720070779227,0.885038467976062,0.931720070779227
Makaira nigricans,2020,0.499664221022211,1.34840311300196,0.499664221022211,1.34840311300196
Makaira nigricans,2021,0.26317386622741,2.21889165506214,0.26317386622741,2.21889165506214
Mugil cephalus,2002,1.72621006057941,0.00021117085013053,1.72621006057941,0.00021117085013053
Mugil cephalus,2003,0.206363628741877,0.0023552292828525,0.206363628741877,0.0023552292828525
Mugil cephalus,2004,0.156763622874693,0.00387552970210663,0.156763622874693,0.00387552970210663
Mugil cephalus,2005,0.800143755362698,0.0850406094279346,0.800143755362698,0.0850406094279346
Mugil cephalus,2006,1.41314167337706,0.0502150038392061,1.41314167337706,0.0502150038392061
Mugil cephalus,2007,1.47859313608003,0.0447050485544172,1.47859313608003,0.0447050485544172
Mugil cephalus,2008,1.53024910462457,0.0388287207081853,1.53024910462457,0.0388287207081853
Mugil cephalus,2009,1.40642445956137,0.030238343109813,1.40642445956137,0.030238343109813
Mugil cephalus,2010,1.29947810304247,0.0315113705040969,1.29947810304247,0.0315113705040969
Mugil cephalus,2011,1.27097352128356,0.0372869389914453,1.27097352128356,0.0372869389914453
Mugil cephalus,2012,1.70542453760336,0.0367647796856794,1.70542453760336,0.0367647796856794
Mugil cephalus,2013,3.46888086075418,0.135804766817101,3.46888086075418,0.135804766817101
Mugil cephalus,2014,3.52285022703994,0.174355950510193,3.52285022703994,0.174355950510193
Mugil cephalus,2015,4.0336191856387,0.188876968565862,4.0336191856387,0.188876968565862
Mugil cephalus,2016,0.00839757257233104,115.596731890247,0.00839757257233104,115.596731890247
Mugil cephalus,2017,0.000411151291880523,2056.01699948292,0.000411151291880523,2056.01699948292
Mugil cephalus,2018,4.60627809894512e-06,236011.758001682,4.60627809894512e-06,236011.758001682
Mugil cephalus,2019,6.54763294147709e-08,10498039.698891,6.54763294147709e-08,10498039.698891
Mugil cephalus,2020,8.73610883128967e-09,75076967.0014888,8.73610883128967e-09,75076967.0014888
Mugil cephalus,2021,2.3171731975711e-09,305645547.350772,2.3171731975711e-09,305645547.350772
Paralabrax spp,2005,1.65203986656365,0.103347044155899,1.65203986656365,0.103347044155899
Paralabrax spp,2006,1.71123192040685,0.104166851695356,1.71123192040685,0.104166851695356
Paralabrax spp,2007,1.64475787383645,0.111969291535247,1.64475787383645,0.111969291535247
Paralabrax spp,2008,1.78744266066187,0.10624443012823,1.78744266066187,0.10624443012823
Paralabrax spp,2009,1.9866686070723,0.0984810849483597,1.9866686070723,0.0984810849483597
Paralabrax spp,2010,1.78963161370634,0.112971746590241,1.78963161370634,0.112971746590241
Paralabrax spp,2011,1.72682509163391,0.127178350726499,1.72682509163391,0.127178350726499
Paralabrax spp,2012,1.8986472569161,0.127921506670501,1.8986472569161,0.127921506670501
Paralabrax spp,2013,2.20806732400674,0.0994976033429177,2.20806732400674,0.0994976033429177
Paralabrax spp,2014,1.85232089506374,0.123134888732152,1.85232089506374,0.123134888732152
Paralabrax spp,2015,1.91307832202479,0.114645347230373,1.91307832202479,0.114645347230373
Paralabrax spp,2016,1.84550809782683,0.127216529748775,1.84550809782683,0.127216529748775
Paralabrax spp,2017,1.80793598993371,0.134659797899624,1.80793598993371,0.134659797899624
Paralabrax spp,2018,1.78977241839419,0.146923285102966,1.78977241839419,0.146923285102966
Paralabrax spp,2019,1.76556955736259,0.133608313305038,1.76556955736259,0.133608313305038
Paralabrax spp,2020,1.76911108052849,0.127207261822793,1.76911108052849,0.127207261822793
Paralabrax spp,2021,1.77132197135059,0.137169649351854,1.77132197135059,0.137169649351854
Penaeus stylirostris,1970,1.72538377454024,0.169824982752493,1.72538377454024,0.169824982752493
Penaeus stylirostris,1971,1.27937981293238,0.305370114270321,1.27937981293238,0.305370114270321
Penaeus stylirostris,1972,1.4629434677677,0.228903109154184,1.4629434677677,0.228903109154184
Penaeus stylirostris,1973,1.99318724369657,0.238011977170134,1.99318724369657,0.238011977170134
Penaeus stylirostris,1974,1.33258236727765,0.449505303507323,1.33258236727765,0.449505303507323
Penaeus stylirostris,1975,1.31747607721281,0.391115082309162,1.31747607721281,0.391115082309162
Penaeus stylirostris,1976,1.63635733777088,0.388058035940807,1.63635733777088,0.388058035940807
Penaeus stylirostris,1977,1.46914825435794,0.515136178045903,1.46914825435794,0.515136178045903
Penaeus stylirostris,1978,1.68148850740416,0.666911273817396,1.68148850740416,0.666911273817396
Penaeus stylirostris,1979,1.85048226196988,0.688948394633152,1.85048226196988,0.688948394633152
Penaeus stylirostris,1980,1.69451885272614,0.742478117751673,1.69451885272614,0.742478117751673
Penaeus stylirostris,1981,2.15782402017169,0.720274724127815,2.15782402017169,0.720274724127815
Penaeus stylirostris,1982,2.00682319221291,0.671569631028613,2.00682319221291,0.671569631028613
Penaeus stylirostris,1983,1.60202087355137,0.486868449052739,1.60202087355137,0.486868449052739
Penaeus stylirostris,1984,1.36953939125689,0.623002697798424,1.36953939125689,0.623002697798424
Penaeus stylirostris,1985,1.43476977606025,0.660224419190895,1.43476977606025,0.660224419190895
Penaeus stylirostris,1986,1.23718256748141,0.651533228210492,1.23718256748141,0.651533228210492
Penaeus stylirostris,1987,1.15475371433368,0.639438029608712,1.15475371433368,0.639438029608712
Penaeus stylirostris,1988,1.27096508403719,0.718638326362597,1.27096508403719,0.718638326362597
Penaeus stylirostris,1989,1.38191244045959,0.654682110389551,1.38191244045959,0.654682110389551
Penaeus stylirostris,1990,1.61141062476811,0.81436775824641,1.61141062476811,0.81436775824641
Penaeus stylirostris,1991,1.42848440133191,0.760708789948325,1.42848440133191,0.760708789948325
Penaeus stylirostris,1992,1.38474442678898,0.621603052360157,1.38474442678898,0.621603052360157
Penaeus stylirostris,1993,1.51940150846395,0.621153647408718,1.51940150846395,0.621153647408718
Penaeus stylirostris,1994,1.16290511900348,0.718104860963099,1.16290511900348,0.718104860963099
Penaeus stylirostris,1995,1.04654061463516,0.844481161329515,1.04654061463516,0.844481161329515
Penaeus stylirostris,1996,0.844876892358423,0.96595341724573,0.844876892358423,0.96595341724573
Penaeus stylirostris,1997,0.571857188759757,0.849589577302351,0.571857188759757,0.849589577302351
Penaeus stylirostris,1998,0.48523341602349,0.859207156910669,0.48523341602349,0.859207156910669
Penaeus stylirostris,1999,0.457758411995593,0.850119884331168,0.457758411995593,0.850119884331168
Penaeus stylirostris,2000,0.538856497254227,0.831189221283529,0.538856497254227,0.831189221283529
Penaeus stylirostris,2001,0.490580628542859,0.813152036667138,0.490580628542859,0.813152036667138
Penaeus stylirostris,2002,0.447916639009775,0.763197400898641,0.447916639009775,0.763197400898641
Penaeus stylirostris,2003,0.561732693966954,0.74517718099147,0.561732693966954,0.74517718099147
Penaeus stylirostris,2004,0.520587234194857,0.875904036509564,0.520587234194857,0.875904036509564
Penaeus stylirostris,2005,0.498293395178376,0.851248671171616,0.498293395178376,0.851248671171616
Penaeus stylirostris,2006,0.500460387543029,0.884922440887295,0.500460387543029,0.884922440887295
Penaeus stylirostris,2007,0.463909592851647,0.953441174775643,0.463909592851647,0.953441174775643
Penaeus stylirostris,2008,0.42868067682088,0.723883819495427,0.42868067682088,0.723883819495427
Penaeus stylirostris,2009,0.499076072003811,0.912538919055475,0.499076072003811,0.912538919055475
Penaeus stylirostris,2010,0.431552663768272,0.917262266363033,0.431552663768272,0.917262266363033
Penaeus stylirostris,2011,0.393298750071271,0.970647456621941,0.393298750071271,0.970647456621941
Penaeus stylirostris,2012,0.394405891974247,1.03761600696717,0.394405891974247,1.03761600696717
Penaeus stylirostris,2013,0.383290129835892,0.564978700215496,0.383290129835892,0.564978700215496
Penaeus stylirostris,2014,0.472714459611816,0.886389166285462,0.472714459611816,0.886389166285462
Penaeus stylirostris,2015,0.608832778576192,0.982250219758217,0.608832778576192,0.982250219758217
Penaeus stylirostris,2016,0.636488701475407,1.11932990205957,0.636488701475407,1.11932990205957
Penaeus stylirostris,2017,0.620295567952635,1.07004604795893,0.620295567952635,1.07004604795893
Penaeus stylirostris,2018,0.540612015092833,1.47605451293858,0.540612015092833,1.47605451293858
Penaeus stylirostris,2019,0.209609055789761,2.60143217544905,0.209609055789761,2.60143217544905
Penaeus stylirostris,2020,0.0916352268262971,5.67686062250873,0.0916352268262971,5.67686062250873
Penaeus stylirostris,2021,0.0323886108977778,17.340733013512,0.0323886108977778,17.340733013512
Pleuronectiformes,1950,2.05828840476479,0.479730674589752,2.05828840476479,0.479730674589752
Pleuronectiformes,1951,2.71782633772494,0.283940187714556,2.71782633772494,0.283940187714556
Pleuronectiformes,1952,1.85707392641526,0.453506709020187,1.85707392641526,0.453506709020187
Pleuronectiformes,1953,1.50127351558325,0.47581326874141,1.50127351558325,0.47581326874141
Pleuronectiformes,1954,1.32947887111176,0.601908216616051,1.32947887111176,0.601908216616051
Pleuronectiformes,1955,1.29694676178984,0.583513598740187,1.29694676178984,0.583513598740187
Pleuronectiformes,1956,1.49059824943533,0.457624537168269,1.49059824943533,0.457624537168269
Pleuronectiformes,1957,1.83420777439452,0.39335654963398,1.83420777439452,0.39335654963398
Pleuronectiformes,1958,1.3887292012187,0.510735290352943,1.3887292012187,0.510735290352943
Pleuronectiformes,1959,0.793465352478014,0.849213621919368,0.793465352478014,0.849213621919368
Pleuronectiformes,1960,1.03888817406021,0.59235235468455,1.03888817406021,0.59235235468455
Pleuronectiformes,1961,1.36801383853937,0.490648300438123,1.36801383853937,0.490648300438123
Pleuronectiformes,1962,1.53067148222789,0.47865450666174,1.53067148222789,0.47865450666174
Pleuronectiformes,1963,1.74055747768396,0.465791821428484,1.74055747768396,0.465791821428484
Pleuronectiformes,1964,1.47563824948901,0.528096497333836,1.47563824948901,0.528096497333836
Pleuronectiformes,1965,1.78243395763882,0.475423688560537,1.78243395763882,0.475423688560537
Pleuronectiformes,1966,3.01262863809238,0.281962653574083,3.01262863809238,0.281962653574083
Pleuronectiformes,1967,1.79220627956814,0.437043870916454,1.79220627956814,0.437043870916454
Pleuronectiformes,1968,1.80398776959612,0.514422769655268,1.80398776959612,0.514422769655268
Pleuronectiformes,1969,1.41577137044741,0.634413371595797,1.41577137044741,0.634413371595797
Pleuronectiformes,1970,1.42349684911866,0.337784683448778,1.42349684911866,0.337784683448778
Pleuronectiformes,1971,1.00316188934442,0.503692073253802,1.00316188934442,0.503692073253802
Pleuronectiformes,1972,1.19426258794334,0.313908051819842,1.19426258794334,0.313908051819842
Pleuronectiformes,1973,0.87273772655338,0.401540316634826,0.87273772655338,0.401540316634826
Pleuronectiformes,1974,0.621405809475644,0.495223366360857,0.621405809475644,0.495223366360857
Pleuronectiformes,1975,0.424278127820114,0.96407540475807,0.424278127820114,0.96407540475807
Pleuronectiformes,1976,0.36873213580936,1.2173834522302,0.36873213580936,1.2173834522302
Pleuronectiformes,1977,0.309673805492169,0.51871236973183,0.309673805492169,0.51871236973183
Pleuronectiformes,1978,0.591422238875295,1.33444777315613,0.591422238875295,1.33444777315613
Pleuronectiformes,1979,0.539265528783072,1.19435593909414,0.539265528783072,1.19435593909414
Pleuronectiformes,1980,0.427167083255914,1.39063969658747,0.427167083255914,1.39063969658747
Pleuronectiformes,1981,0.510299646975344,1.3233176730671,0.510299646975344,1.3233176730671
Pleuronectiformes,1982,0.392342710669266,1.18608270024108,0.392342710669266,1.18608270024108
Pleuronectiformes,1983,0.443178577693464,0.930315745837133,0.443178577693464,0.930315745837133
Pleuronectiformes,1984,0.490391596312788,1.08355017857253,0.490391596312788,1.08355017857253
Pleuronectiformes,1985,0.885665072457243,0.962697068284561,0.885665072457243,0.962697068284561
Pleuronectiformes,1986,0.680719355091762,0.893490201043917,0.680719355091762,0.893490201043917
Pleuronectiformes,1987,0.600939258972607,1.44323525440711,0.600939258972607,1.44323525440711
Pleuronectiformes,1988,0.738418274311332,0.964503382021864,0.738418274311332,0.964503382021864
Pleuronectiformes,1989,0.637320857334894,1.13783351351873,0.637320857334894,1.13783351351873
Pleuronectiformes,1990,0.732613688781743,0.980933388044709,0.732613688781743,0.980933388044709
Pleuronectiformes,1991,0.587293040606605,1.47399460547589,0.587293040606605,1.47399460547589
Pleuronectiformes,1992,0.637503662021799,1.21689496589881,0.637503662021799,1.21689496589881
Pleuronectiformes,1993,0.516275477796635,1.1548794432989,0.516275477796635,1.1548794432989
Pleuronectiformes,1994,0.285489185943288,1.74248606734016,0.285489185943288,1.74248606734016
Pleuronectiformes,1995,0.208326562832987,0.774577706629653,0.208326562832987,0.774577706629653
Pleuronectiformes,1996,0.162434469339053,1.1750413458892,0.162434469339053,1.1750413458892
Pleuronectiformes,1997,0.151974068309656,1.36209901399821,0.151974068309656,1.36209901399821
Pleuronectiformes,1998,0.103802486829042,0.914666174676377,0.103802486829042,0.914666174676377
Pleuronectiformes,1999,0.0998936106199764,1.68961143297957,0.0998936106199764,1.68961143297957
Pleuronectiformes,2000,0.154685591157553,1.36456539723917,0.154685591157553,1.36456539723917
Pleuronectiformes,2001,0.10487670683055,1.318703782676,0.10487670683055,1.318703782676
Pleuronectiformes,2002,0.0978464423664566,1.33099427325968,0.0978464423664566,1.33099427325968
Pleuronectiformes,2003,0.094441649278992,1.66633824646645,0.094441649278992,1.66633824646645
Pleuronectiformes,2004,0.0909501844908924,1.87367775181443,0.0909501844908924,1.87367775181443
Pleuronectiformes,2005,0.102710574204806,1.63613055527794,0.102710574204806,1.63613055527794
Pleuronectiformes,2006,0.123683021303884,1.40548178457372,0.123683021303884,1.40548178457372
Pleuronectiformes,2007,0.152207747969061,1.55758376744674,0.152207747969061,1.55758376744674
Pleuronectiformes,2008,0.19826972942799,1.15791021318139,0.19826972942799,1.15791021318139
Pleuronectiformes,2009,0.185601940017282,1.31114808054412,0.185601940017282,1.31114808054412
Pleuronectiformes,2010,0.253275041895961,1.17061679411836,0.253275041895961,1.17061679411836
Pleuronectiformes,2011,0.231290776080983,1.05320291677548,0.231290776080983,1.05320291677548
Pleuronectiformes,2012,0.194970655690965,1.34010465975328,0.194970655690965,1.34010465975328
Pleuronectiformes,2013,0.214568885182939,1.67994338535241,0.214568885182939,1.67994338535241
Pleuronectiformes,2014,0.24551640972886,1.82170491298267,0.24551640972886,1.82170491298267
Pleuronectiformes,2015,0.322088832794176,1.46857519242686,0.322088832794176,1.46857519242686
Pleuronectiformes,2016,0.144515700277687,3.17213708046532,0.144515700277687,3.17213708046532
Pleuronectiformes,2017,0.021043159579221,24.6198676705795,0.021043159579221,24.6198676705795
Pleuronectiformes,2018,1.92690329833257e-09,266582624.039743,1.92690329833257e-09,266582624.039743
Pleuronectiformes,2019,5.15126227437007e-11,8415129030.57136,5.15126227437007e-11,8415129030.57136
Pleuronectiformes,2020,1.87999374349044e-11,21546761744.9696,1.87999374349044e-11,21546761744.9696
Pleuronectiformes,2021,4.37003254976912e-11,10069327258.2301,4.37003254976912e-11,10069327258.2301
Promethichthys prometheus,1950,1.9204689709792,0.0592173113138077,1.9204689709792,0.0592173113138077
Promethichthys prometheus,1951,3.27631757386259,0.0567078988588768,3.27631757386259,0.0567078988588768
Promethichthys prometheus,1952,0.807578778552798,0.119640018704404,0.807578778552798,0.119640018704404
Promethichthys prometheus,1953,1.03776174119023,0.11477616780861,1.03776174119023,0.11477616780861
Promethichthys prometheus,1954,0.278076935875669,0.608897612571288,0.278076935875669,0.608897612571288
Promethichthys prometheus,1955,0.615792501952341,0.241010925088777,0.615792501952341,0.241010925088777
Promethichthys prometheus,1956,2.22488622795855,0.0926191997221743,2.22488622795855,0.0926191997221743
Promethichthys prometheus,1957,1.59479833115382,0.098324321322377,1.59479833115382,0.098324321322377
Promethichthys prometheus,1958,4.6592581553712,0.026720052512632,4.6592581553712,0.026720052512632
Promethichthys prometheus,1959,1.90457612676632,0.0731007906255275,1.90457612676632,0.0731007906255275
Promethichthys prometheus,1960,3.64639254508714,0.0476512988611662,3.64639254508714,0.0476512988611662
Promethichthys prometheus,1961,1.13987626996904,0.101992886441457,1.13987626996904,0.101992886441457
Promethichthys prometheus,1962,0.393372209052906,0.368022233264079,0.393372209052906,0.368022233264079
Promethichthys prometheus,1963,2.1438452738201,0.0606570457187253,2.1438452738201,0.0606570457187253
Promethichthys prometheus,1964,1.47122082769139,0.12025602489281,1.47122082769139,0.12025602489281
Promethichthys prometheus,1965,1.58696938524865,0.129649885539229,1.58696938524865,0.129649885539229
Promethichthys prometheus,1966,1.00026787339755,0.231031132430173,1.00026787339755,0.231031132430173
Promethichthys prometheus,1967,1.54979275519232,0.176093443607449,1.54979275519232,0.176093443607449
Promethichthys prometheus,1968,1.0407309663417,0.222200951428173,1.0407309663417,0.222200951428173
Promethichthys prometheus,1969,1.38909089799495,0.215051540598015,1.38909089799495,0.215051540598015
Promethichthys prometheus,1970,2.88061020041296,0.0714809627833572,2.88061020041296,0.0714809627833572
Promethichthys prometheus,1971,1.19854786324233,0.198229101466474,1.19854786324233,0.198229101466474
Promethichthys prometheus,1972,1.69993411508797,0.121127512355632,1.69993411508797,0.121127512355632
Promethichthys prometheus,1973,4.3307886003869,0.0402306672386411,4.3307886003869,0.0402306672386411
Promethichthys prometheus,1974,2.19791458544492,0.213742985406259,2.19791458544492,0.213742985406259
Promethichthys prometheus,1975,2.44567407986578,0.237294908309773,2.44567407986578,0.237294908309773
Promethichthys prometheus,1976,1.92253176477342,0.306067227373234,1.92253176477342,0.306067227373234
Promethichthys prometheus,1977,4.24343135796731,0.205891591886412,4.24343135796731,0.205891591886412
Promethichthys prometheus,1978,3.37505113319649,0.257411419966418,3.37505113319649,0.257411419966418
Promethichthys prometheus,1979,2.98754367902238,0.3852764219448,2.98754367902238,0.3852764219448
Promethichthys prometheus,1980,0.492977611484944,0.779141042264404,0.492977611484944,0.779141042264404
Promethichthys prometheus,1981,0.783469868535551,0.854557882647892,0.783469868535551,0.854557882647892
Promethichthys prometheus,1982,3.82316867767809,0.187012067095642,3.82316867767809,0.187012067095642
Promethichthys prometheus,1983,1.22873399488291,0.48017543505069,1.22873399488291,0.48017543505069
Promethichthys prometheus,1984,0.659749197767235,0.556261110306384,0.659749197767235,0.556261110306384
Promethichthys prometheus,1985,0.944400560471672,0.586671652994184,0.944400560471672,0.586671652994184
Promethichthys prometheus,1986,2.29448537937331,0.2168274074292,2.29448537937331,0.2168274074292
Promethichthys prometheus,1987,0.628782442334708,0.743865772585757,0.628782442334708,0.743865772585757
Promethichthys prometheus,1988,1.29818620379484,0.298801883695429,1.29818620379484,0.298801883695429
Promethichthys prometheus,1989,2.32339627470659,0.159795981642669,2.32339627470659,0.159795981642669
Promethichthys prometheus,1990,1.15745140768283,0.263837059132972,1.15745140768283,0.263837059132972
Promethichthys prometheus,1991,0.473658937473769,0.665120880416061,0.473658937473769,0.665120880416061
Promethichthys prometheus,1992,0.316684833791735,1.02931817303141,0.316684833791735,1.02931817303141
Promethichthys prometheus,1993,0.276155009861019,0.770290641699118,0.276155009861019,0.770290641699118
Promethichthys prometheus,1994,0.0235278592569791,7.98424418735539,0.0235278592569791,7.98424418735539
Promethichthys prometheus,1995,1.04070580176551e-07,1.52196112543388,1.04070580176551e-07,1.52196112543388
Promethichthys prometheus,1996,1.01085240927162e-06,0.156690903515965,1.01085240927162e-06,0.156690903515965
Promethichthys prometheus,1997,1.21429810541752e-06,0.130438626745283,1.21429810541752e-06,0.130438626745283
Promethichthys prometheus,1998,1.11988704391566e-06,0.141435136865454,1.11988704391566e-06,0.141435136865454
Promethichthys prometheus,1999,1.13887043432031e-06,0.139077609319615,1.13887043432031e-06,0.139077609319615
Promethichthys prometheus,2000,1.04361876119013e-06,0.151771301188024,1.04361876119013e-06,0.151771301188024
Promethichthys prometheus,2001,1.02199645579798e-06,0.154982315673871,1.02199645579798e-06,0.154982315673871
Promethichthys prometheus,2002,1.12069746325049e-06,0.141332859691374,1.12069746325049e-06,0.141332859691374
Promethichthys prometheus,2003,1.03857205995706e-06,0.152508798798812,1.03857205995706e-06,0.152508798798812
Promethichthys prometheus,2004,1.07126859743124e-06,0.147854028121296,1.07126859743124e-06,0.147854028121296
Promethichthys prometheus,2005,1.31238357029868e-06,0.120689850829214,1.31238357029868e-06,0.120689850829214
Promethichthys prometheus,2006,1.19366700854149e-06,0.132693101339539,1.19366700854149e-06,0.132693101339539
Promethichthys prometheus,2007,1.16209330213171e-06,0.136298330813465,1.16209330213171e-06,0.136298330813465
Promethichthys prometheus,2008,1.39082283525232e-06,0.113883215975041,1.39082283525232e-06,0.113883215975041
Promethichthys prometheus,2009,6.34900814099388e-06,0.0249474207329123,6.34900814099388e-06,0.0249474207329123
Promethichthys prometheus,2010,3.99963671452992e-05,0.00396014409895414,3.99963671452992e-05,0.00396014409895414
Promethichthys prometheus,2011,0.0720849189657761,5.63824278448445,0.0720849189657761,5.63824278448445
Promethichthys prometheus,2012,0.156757986375643,1.80056813007151,0.156757986375643,1.80056813007151
Promethichthys prometheus,2013,0.755319289419241,0.31497123412891,0.755319289419241,0.31497123412891
Promethichthys prometheus,2014,1.07109452876012,0.277123478037118,1.07109452876012,0.277123478037118
Promethichthys prometheus,2015,2.8976301038885,0.100852103511003,2.8976301038885,0.100852103511003
Promethichthys prometheus,2016,2.20234739825645,0.125715011079603,2.20234739825645,0.125715011079603
Promethichthys prometheus,2017,0.681823542682414,0.414200754448048,0.681823542682414,0.414200754448048
Promethichthys prometheus,2018,2.18290887069408,0.107678706662212,2.18290887069408,0.107678706662212
Promethichthys prometheus,2019,2.01630865208426,0.113433599874792,2.01630865208426,0.113433599874792
Promethichthys prometheus,2020,0.325522158388303,0.622331126729301,0.325522158388303,0.622331126729301
Promethichthys prometheus,2021,0.0931964256609592,2.46263849845692,0.0931964256609592,2.46263849845692
Seriola spp,1996,1.75206052389906,6.67495975617859e-05,1.75206052389906,6.67495975617859e-05
Seriola spp,1997,0.0270087696203843,0.0141710741788508,0.0270087696203843,0.0141710741788508
Seriola spp,1998,0.000541735411004302,0.0686887939195783,0.000541735411004302,0.0686887939195783
Seriola spp,1999,4.04485866798169e-06,0.00131423105088826,4.04485866798169e-06,0.00131423105088826
Seriola spp,2000,1.41405144295283e-06,0.0037593249414006,1.41405144295283e-06,0.0037593249414006
Seriola spp,2001,1.17935572602895e-06,0.0045074431238956,1.17935572602895e-06,0.0045074431238956
Seriola spp,2002,1.19312322799515e-06,0.00445543153731785,1.19312322799515e-06,0.00445543153731785
Seriola spp,2003,1.69208989124242e-06,0.00314160546991561,1.69208989124242e-06,0.00314160546991561
Seriola spp,2004,2.86278352344021e-05,0.000185689166309298,2.86278352344021e-05,0.000185689166309298
Seriola spp,2005,0.0779804998999488,0.481616355106256,0.0779804998999488,0.481616355106256
Seriola spp,2006,0.382107556147607,0.102628795751158,0.382107556147607,0.102628795751158
Seriola spp,2007,0.438263806398712,0.0437265021728789,0.438263806398712,0.0437265021728789
Seriola spp,2008,0.327054026467257,0.0166601704563007,0.327054026467257,0.0166601704563007
Seriola spp,2009,0.326101014274743,0.0178988556627863,0.326101014274743,0.0178988556627863
Seriola spp,2010,0.307589952056444,0.0176971318930053,0.307589952056444,0.0176971318930053
Seriola spp,2011,0.341635052777877,0.0179563664564119,0.341635052777877,0.0179563664564119
Seriola spp,2012,0.684295169145832,0.0616267202828391,0.684295169145832,0.0616267202828391
Seriola spp,2013,1.09364073753081,0.154434721821938,1.09364073753081,0.154434721821938
Seriola spp,2014,0.89674497003649,0.0971120333653365,0.89674497003649,0.0971120333653365
Seriola spp,2015,0.998296149302329,0.256369803482896,0.998296149302329,0.256369803482896
Seriola spp,2016,0.000360573199274325,843.43880819052,0.000360573199274325,843.43880819052
Seriola spp,2017,2.35863176606936e-07,1204452.0307607,2.35863176606936e-07,1204452.0307607
Seriola spp,2018,4.67393451630683e-09,72875419.3351674,4.67393451630683e-09,72875419.3351674
Seriola spp,2019,9.56007403423327e-10,221613714.625629,9.56007403423327e-10,221613714.625629
Seriola spp,2020,1.06642891782077e-09,189554244.610348,1.06642891782077e-09,189554244.610348
Seriola spp,2021,1.08207164444341e-09,201648737.528886,1.08207164444341e-09,201648737.528886
Stomolophus meleagris,2011,1.67675296565609,0.060636277398571,1.67675296565609,0.060636277398571
Stomolophus meleagris,2012,1.56723141242616,0.0977225756192376,1.56723141242616,0.0977225756192376
Stomolophus meleagris,2013,1.88915614811373,0.0820936118004764,1.88915614811373,0.0820936118004764
Stomolophus meleagris,2014,2.41835750001875,0.193944987813642,2.41835750001875,0.193944987813642
Stomolophus meleagris,2015,2.1939558532021,0.141034601765805,2.1939558532021,0.141034601765805
Stomolophus meleagris,2016,1.20799934456015,0.142380286013803,1.20799934456015,0.142380286013803
Stomolophus meleagris,2017,0.918547234431798,0.373914236523538,0.918547234431798,0.373914236523538
Stomolophus meleagris,2018,0.581968353710311,0.36402781012826,0.581968353710311,0.36402781012826
Stomolophus meleagris,2019,0.428773072833246,0.611860656827679,0.428773072833246,0.611860656827679
Stomolophus meleagris,2020,0.226876311336109,1.07649724499319,0.226876311336109,1.07649724499319
Stomolophus meleagris,2021,0.160376771682251,1.64421417458369,0.160376771682251,1.64421417458369
Tetrapturus audax,2005,1.64391290036123,0.0328960970205087,1.64391290036123,0.0328960970205087
Tetrapturus audax,2006,1.0723126247856,0.0526808823959104,1.0723126247856,0.0526808823959104
Tetrapturus audax,2007,1.23976393952367,0.0807025610029033,1.23976393952367,0.0807025610029033
Tetrapturus audax,2008,1.81209060486353,0.106327527881686,1.81209060486353,0.106327527881686
Tetrapturus audax,2009,2.10817331765841,0.0947581303026266,2.10817331765841,0.0947581303026266
Tetrapturus audax,2010,1.97251017155266,0.110740054158987,1.97251017155266,0.110740054158987
Tetrapturus audax,2011,1.84393058020956,0.113132872348369,1.84393058020956,0.113132872348369
Tetrapturus audax,2012,2.04664144781,0.120996399104778,2.04664144781,0.120996399104778
Tetrapturus audax,2013,2.43836614108298,0.106597306899804,2.43836614108298,0.106597306899804
Tetrapturus audax,2014,2.150909302695,0.132281842412329,2.150909302695,0.132281842412329
Tetrapturus audax,2015,2.2298422014837,0.120589751054975,2.2298422014837,0.120589751054975
Tetrapturus audax,2016,1.35709256392232,0.180012138387623,1.35709256392232,0.180012138387623
Tetrapturus audax,2017,1.09354613733097,0.234732764090121,1.09354613733097,0.234732764090121
Tetrapturus audax,2018,0.840119811335539,0.427935852240284,0.840119811335539,0.427935852240284
Tetrapturus audax,2019,0.568755256299886,0.447396287060338,0.568755256299886,0.447396287060338
Tetrapturus audax,2020,0.382384160433505,0.709587181297828,0.382384160433505,0.709587181297828
Tetrapturus audax,2021,0.258122989087786,1.06151519790574,0.258122989087786,1.06151519790574
Xiphias gladius,1950,1.65019343014544,0.0200663921151043,1.65019343014544,0.0200663921151043
Xiphias gladius,1951,1.15038820785534,0.0290001763307439,1.15038820785534,0.0290001763307439
Xiphias gladius,1952,0.788939173098811,0.0358568431698995,0.788939173098811,0.0358568431698995
Xiphias gladius,1953,0.605799845724445,0.052751210804217,0.605799845724445,0.052751210804217
Xiphias gladius,1954,0.420825735920081,0.0559038227078292,0.420825735920081,0.0559038227078292
Xiphias gladius,1955,0.367421140104035,0.0496679144700603,0.367421140104035,0.0496679144700603
Xiphias gladius,1956,0.370121081089155,0.060644582592216,0.370121081089155,0.060644582592216
Xiphias gladius,1957,0.402920710043178,0.0411898008623429,0.402920710043178,0.0411898008623429
Xiphias gladius,1958,0.76307299082184,0.0712709723361589,0.76307299082184,0.0712709723361589
Xiphias gladius,1959,0.850971947743847,0.0577651449979821,0.850971947743847,0.0577651449979821
Xiphias gladius,1960,1.16883151936682,0.0602400624464484,1.16883151936682,0.0602400624464484
Xiphias gladius,1961,1.57562070368193,0.0675605599251439,1.57562070368193,0.0675605599251439
Xiphias gladius,1962,1.38933837904713,0.0641017427429005,1.38933837904713,0.0641017427429005
Xiphias gladius,1963,1.5670011008811,0.0593287815690052,1.5670011008811,0.0593287815690052
Xiphias gladius,1964,1.67895521152999,0.0582684637508512,1.67895521152999,0.0582684637508512
Xiphias gladius,1965,2.15614797661418,0.0531929896262727,2.15614797661418,0.0531929896262727
Xiphias gladius,1966,2.61425006301116,0.0531017843405122,2.61425006301116,0.0531017843405122
Xiphias gladius,1967,2.93310820627982,0.0688327887227108,2.93310820627982,0.0688327887227108
Xiphias gladius,1968,3.59709677605092,0.0643165371965169,3.59709677605092,0.0643165371965169
Xiphias gladius,1969,4.00077300918012,0.061881464084542,4.00077300918012,0.061881464084542
Xiphias gladius,1970,4.5221306746775,0.0573240458369583,4.5221306746775,0.0573240458369583
Xiphias gladius,1971,3.32476025082335,0.0873432917453738,3.32476025082335,0.0873432917453738
Xiphias gladius,1972,4.14388470015118,0.0761165595292886,4.14388470015118,0.0761165595292886
Xiphias gladius,1973,5.65355605047698,0.0592076994073292,5.65355605047698,0.0592076994073292
Xiphias gladius,1974,1.44511511187377,0.0774772882629167,1.44511511187377,0.0774772882629167
Xiphias gladius,1975,1.3745114877443,0.0932614051429019,1.3745114877443,0.0932614051429019
Xiphias gladius,1976,1.53497355290727,0.108262152493571,1.53497355290727,0.108262152493571
Xiphias gladius,1977,1.118126776161,0.0785528268221115,1.118126776161,0.0785528268221115
Xiphias gladius,1978,1.64251184036574,0.170604304120711,1.64251184036574,0.170604304120711
Xiphias gladius,1979,2.23024614669447,0.178167217934678,2.23024614669447,0.178167217934678
Xiphias gladius,1980,2.09871326144628,0.177691953034184,2.09871326144628,0.177691953034184
Xiphias gladius,1981,2.64463032069809,0.227443891030685,2.64463032069809,0.227443891030685
Xiphias gladius,1982,1.49458133368896,0.0833869771064825,1.49458133368896,0.0833869771064825
Xiphias gladius,1983,1.5078487914323,0.100041612172425,1.5078487914323,0.100041612172425
Xiphias gladius,1984,1.62408844378168,0.158093284593174,1.62408844378168,0.158093284593174
Xiphias gladius,1985,1.86001212712948,0.160221681695941,1.86001212712948,0.160221681695941
Xiphias gladius,1986,1.7830313195903,0.172975457723611,1.7830313195903,0.172975457723611
Xiphias gladius,1987,1.63772382811055,0.158098526612862,1.63772382811055,0.158098526612862
Xiphias gladius,1988,1.63911536429969,0.162994054599022,1.63911536429969,0.162994054599022
Xiphias gladius,1989,1.81566351537769,0.133224517013934,1.81566351537769,0.133224517013934
Xiphias gladius,1990,2.69431922989567,0.224427358506275,2.69431922989567,0.224427358506275
Xiphias gladius,1991,2.98110735287665,0.2258146139974,2.98110735287665,0.2258146139974
Xiphias gladius,1992,2.67931482176231,0.155849657670595,2.67931482176231,0.155849657670595
Xiphias gladius,1993,2.72120791677486,0.130256830653414,2.72120791677486,0.130256830653414
Xiphias gladius,1994,2.42975450406809,0.181468891660848,2.42975450406809,0.181468891660848
Xiphias gladius,1995,2.56649977154216,0.22691612101723,2.56649977154216,0.22691612101723
Xiphias gladius,1996,2.11905509851831,0.216125586463874,2.11905509851831,0.216125586463874
Xiphias gladius,1997,1.67824220386123,0.228864646131362,1.67824220386123,0.228864646131362
Xiphias gladius,1998,1.425497442104,0.235589013336183,1.425497442104,0.235589013336183
Xiphias gladius,1999,1.18481944776238,0.201438850943932,1.18481944776238,0.201438850943932
Xiphias gladius,2000,1.38814021082275,0.183772836223452,1.38814021082275,0.183772836223452
Xiphias gladius,2001,1.38299632307097,0.198219838116145,1.38299632307097,0.198219838116145
Xiphias gladius,2002,1.25331511322223,0.221220156171071,1.25331511322223,0.221220156171071
Xiphias gladius,2003,1.38000091297323,0.174440143214974,1.38000091297323,0.174440143214974
Xiphias gladius,2004,1.16990151842641,0.202956810528558,1.16990151842641,0.202956810528558
Xiphias gladius,2005,1.12239623872053,0.211879386939529,1.12239623872053,0.211879386939529
Xiphias gladius,2006,1.11345311462263,0.221413249262374,1.11345311462263,0.221413249262374
Xiphias gladius,2007,0.96926751770259,0.200550613062234,0.96926751770259,0.200550613062234
Xiphias gladius,2008,1.01919502233574,0.214905097556311,1.01919502233574,0.214905097556311
Xiphias gladius,2009,1.03759441803097,0.191380377772284,1.03759441803097,0.191380377772284
Xiphias gladius,2010,0.926133949626614,0.219538844367119,0.926133949626614,0.219538844367119
Xiphias gladius,2011,0.853528615880672,0.234423077425063,0.853528615880672,0.234423077425063
Xiphias gladius,2012,0.896156994179441,0.297140031277452,0.896156994179441,0.297140031277452
Xiphias gladius,2013,0.766098784847126,0.167783435786832,0.766098784847126,0.167783435786832
Xiphias gladius,2014,0.610434708774073,0.191940862691488,0.610434708774073,0.191940862691488
Xiphias gladius,2015,0.648985523214333,0.214671511142339,0.648985523214333,0.214671511142339
Xiphias gladius,2016,0.681848800453501,0.174188861597964,0.681848800453501,0.174188861597964
Xiphias gladius,2017,0.709535070642781,0.201294037769323,0.709535070642781,0.201294037769323
Xiphias gladius,2018,0.7255986091224,0.183446703674582,0.7255986091224,0.183446703674582
Xiphias gladius,2019,0.745385458555829,0.187435818029564,0.745385458555829,0.187435818029564
Xiphias gladius,2020,0.741498004230188,0.203906959418425,0.741498004230188,0.203906959418425
Xiphias gladius,2021,0.721872278290095,0.211219602166481,0.721872278290095,0.211219602166481
