variable,year,mean,sd,lower,upper
b_t,1963,44121.4303514195,12069.5485672136,28887.4089327135,64498.8948991359
b_t,1964,152158.94498937,43848.1803039687,96186.0524743426,230699.440187429
b_t,1965,23.1872849896152,16.9018941223865,7.69930408792298,56.3494999601448
b_t,1966,0.968204924457838,0.87865025147599,0.297721017048178,2.68375551047263
b_t,1967,0.644044398359385,0.654510846904867,0.155978839673613,2.10908612382064
b_t,1968,1.24716533135539,0.810922743768254,0.426845303678886,2.86442060237122
b_t,1969,4.57988585913971,2.87506065153423,1.72290042425309,10.1454843207007
b_t,1970,653.750216425986,433.579491644361,251.461959652063,1456.10638811827
b_t,1971,5299.04637992086,5834.91111088419,1466.99294874719,17166.2014492931
b_t,1972,1510.6930581168,1179.47579742952,522.784339318525,4126.69719560165
b_t,1973,114.599178398795,98.0134719839354,32.4460841571358,275.048825688492
b_t,1974,3311.21628601003,4014.76123708667,748.843553292182,9827.11804448971
b_t,1975,7676.80527120873,5245.0046717418,2499.72064584304,16979.5366894419
b_t,1976,4776.43488450223,3020.24047872261,1334.1347921099,10204.3690519324
b_t,1977,34884.7728003567,25395.3866628544,7639.54888586377,83490.4820873064
b_t,1978,38761.8906051001,19626.7391414783,15616.6773110133,75315.3238156196
b_t,1979,7006.31079925573,3252.90797825382,3002.97737857625,13343.9035632877
b_t,1980,10942.3282170632,10072.9603708523,2288.63097574051,30468.1208501142
b_t,1981,33625.8157466229,20111.3201241597,10839.5424860959,67687.1140989725
b_t,1982,11675.6860085139,5475.29696497047,4613.87490447471,21806.8900299705
b_t,1983,9503.69303478739,4028.05600873965,4090.60317718358,16835.8816023801
b_t,1984,71011.1655979483,50894.3409254046,23581.7771472169,170350.800772751
b_t,1985,30520.0378864108,27638.5417835898,8927.45506771386,87037.7374589759
b_t,1986,20544.8961211698,14252.8527013261,6594.85380127234,49305.3358093432
b_t,1987,33798.6318014663,24252.9967636297,10341.2085852532,84854.113578701
b_t,1988,31455.0735220373,14974.7945411718,12654.7516901085,60449.1055532896
b_t,1989,46893.3678683,19201.5986719381,22585.6878085167,83776.3102577056
b_t,1990,50707.2506043863,23593.9028271689,22796.4852891669,94664.7868917915
b_t,1991,25664.1693269878,12059.5330635611,9296.42030144701,47111.3608106289
b_t,1992,23235.3762245597,12299.281015376,7927.20358949824,43465.9208959605
b_t,1993,33500.7250202891,15141.031740061,13516.5504285809,59471.3861203797
b_t,1994,26219.8864613254,18309.5182271224,10274.3801642516,68107.7709752431
b_t,1995,8121.96537517651,3247.35187232273,4022.76834499747,13710.3552299003
b_t,1996,6025.38466637468,4130.25111784545,2514.64481667444,15626.1880130239
b_t,1997,57914.5022200104,31085.698729822,21710.7509512746,116977.371458738
b_t,1998,16200.2549267131,7323.37141371231,7205.90285810171,27865.3046192927
b_t,1999,12661.1792991276,10985.6369132677,3135.47747989681,36695.711047501
b_t,2000,47314.2522565578,41731.8445363696,9949.78407812737,128252.592765532
b_t,2001,18093.3335459843,10360.2359267156,7001.50154606865,39122.3209356089
b_t,2002,11487.6588108571,4724.53585554657,4684.97194047396,19624.4633804514
b_t,2003,43899.4077756181,28824.6958297084,15091.8835643175,94438.2310070233
b_t,2004,6648.97690497371,2923.18157576383,3353.32540576266,12392.3203540615
b_t,2005,21424.1705594358,11082.0815597767,9686.80912784733,42966.8828996351
b_t,2006,38774.962342002,28139.3173039602,11990.4020480167,100377.076897985
b_t,2007,11925.349003466,5508.97532152837,5015.85658482895,21398.3681461645
b_t,2008,25490.6688797738,13135.3973294489,8718.70223724873,47384.022099225
b_t,2009,85411.4359216975,39819.8008025691,29954.1079165673,160170.523416603
b_t,2010,40794.6801026745,28970.9948083712,11184.4254115607,98732.3602809304
b_t,2011,57531.7141555529,36169.822754051,17373.4038277716,121275.889607203
b_t,2012,59730.2339866768,40788.2247013687,14323.0415466918,142813.638895785
b_t,2013,65500.6602042172,33217.6081456641,26664.6933059705,128874.340612493
b_t,2014,82248.9322379508,28419.5336732698,42073.7838171716,131752.78927705
b_t,2015,83892.2635618932,67774.2803480121,25568.3490052587,229362.018572682
b_t,2016,30582.4414889929,63837.2180103477,5.54539847110093e-08,179702.671023724
b_t,2017,16833.7207269687,32299.1058367971,9.79183521521678e-07,85955.1666172188
b_t,2018,7288.38634140682,14269.546121927,2.21555467407452e-06,41025.020278233
b_t,2019,2781.54438339494,6737.81566414672,2.3175464612266e-06,19349.1609004522
b_t,2020,742.833526749717,1979.70135701705,1.06428992149646e-06,5674.1616833442
b_t,2021,644.600323526225,2436.16930215298,1.79656604377553e-06,3966.57050447287
bmsy,1963,30054.7830205626,8524.19338328706,19354.6431047735,45275.6218120012
ck,1963,0.00179317941895206,0.000474204921428383,0.0011043470898231,0.00258335956091985
ck,1964,0.00179317941895206,0.000474204921428383,0.0011043470898231,0.00258335956091985
ck,1965,1.79317941895206e-08,4.74204921428383e-09,1.1043470898231e-08,2.58335956091985e-08
ck,1966,1.79317941895206e-08,4.74204921428383e-09,1.1043470898231e-08,2.58335956091985e-08
ck,1967,1.79317941895206e-08,4.74204921428383e-09,1.1043470898231e-08,2.58335956091985e-08
ck,1968,1.79317941895206e-08,4.74204921428383e-09,1.1043470898231e-08,2.58335956091985e-08
ck,1969,1.79317941895206e-08,4.74204921428383e-09,1.1043470898231e-08,2.58335956091985e-08
ck,1970,0.00179317941895206,0.000474204921428383,0.0011043470898231,0.00258335956091985
ck,1971,0.00179317941895206,0.000474204921428383,0.0011043470898231,0.00258335956091985
ck,1972,0.00179317941895206,0.000474204921428383,0.0011043470898231,0.00258335956091985
ck,1973,1.79317941895206e-08,4.74204921428383e-09,1.1043470898231e-08,2.58335956091985e-08
ck,1974,0.000968316886234113,0.000256070657571327,0.000596347428504476,0.00139501416289672
ck,1975,0.000842794326907469,0.00022287631307134,0.000519043132216859,0.00121417899363233
ck,1976,0.00089658970947603,0.000237102460714191,0.000552173544911552,0.00129167978045993
ck,1977,0.00141661174097213,0.000374621887928422,0.000872434200960252,0.00204085405312668
ck,1978,0.00595335567092084,0.00157436033914223,0.00366643233821271,0.00857675374225391
ck,1979,0.000860726121096989,0.000227618362285624,0.00053008660311509,0.00124001258924153
ck,1980,0.00593542387673132,0.00156961828992795,0.00365538886731448,0.00855092014664471
ck,1981,0.00832035250393756,0.0022003108354277,0.0051241704967792,0.0119867883626681
ck,1982,0.00720858126418728,0.0019063037841421,0.00443947530108888,0.0103851054348978
ck,1983,0.00442915316481159,0.00117128615592811,0.00272773731186307,0.00638089811547204
ck,1984,0.00462640290089632,0.00122344869728523,0.00284921549174361,0.00666506766717322
ck,1985,0.00568437875807803,0.00150322960092797,0.00350078027473924,0.00818924980811593
ck,1986,0.00663476385012263,0.00175455820928502,0.00408608423234549,0.00955843037540345
ck,1987,0.00607887823024749,0.00160755468364222,0.00374373663450032,0.0087575889115183
ck,1988,0.00717271767580824,0.00189681968571353,0.00441738835929242,0.0103334382436794
ck,1989,0.00496710699049721,0.00131354763235662,0.00305904143881,0.00715590598374799
ck,1990,0.00473399366603344,0.00125190099257093,0.002915476317133,0.00682006924082841
ck,1991,0.00520022031496098,0.00137519427214231,0.003202606560487,0.00749174272666757
ck,1992,0.00493124340211817,0.00130406353392805,0.00303695449701354,0.0071042387925296
ck,1993,0.00543333363942474,0.001436840911928,0.00334617168216401,0.00782757946958715
ck,1994,0.00534367466847714,0.00141313066585658,0.00329095432767285,0.00769841149154116
ck,1995,0.00512849313820289,0.00135622607528517,0.00315843267689408,0.00738840834423078
ck,1996,0.00369394960304125,0.000976862138142468,0.00227495500503559,0.0053217206954949
ck,1997,0.00358635883790412,0.000948409842856765,0.00220869417964621,0.00516671912183971
ck,1998,0.00589956028835228,0.00156013419149938,0.00363330192551801,0.00849925295542631
ck,1999,0.00554092440456187,0.0014652932072137,0.00341243250755339,0.00798258104324234
ck,2000,0.00491331160792865,0.00129932148471377,0.00302591102611531,0.0070784051969204
ck,2001,0.00398085831007357,0.00105273492557101,0.00245165053940729,0.00573505822524207
ck,2002,0.00462640290089632,0.00122344869728523,0.00284921549174361,0.00666506766717322
ck,2003,0.00294081424708138,0.000777696071142548,0.00181112922730989,0.00423670967990856
ck,2004,0.00263597374585953,0.000697081234499723,0.00162339022203996,0.00379753855455218
ck,2005,0.00984455501004681,0.00260338501864182,0.00606286552312884,0.01418264398945
ck,2006,0.0102928498647848,0.00272193624899892,0.00633895229558462,0.01482848387968
ck,2007,0.00480572084279152,0.00127086918942807,0.00295965020072592,0.0069234036232652
ck,2008,0.00550506081618283,0.00145580910878513,0.00339034556575693,0.00793091385202395
ck,2009,0.00555885619875139,0.00147003525642799,0.00342347597845162,0.00800841463885154
ck,2010,0.0053974700510457,0.00142735681349943,0.00332408474036754,0.00777591227836876
ck,2011,0.00658096846755406,0.00174033206164216,0.00405295381965079,0.00948092958857586
ck,2012,0.00842794326907469,0.0022287631307134,0.00519043132216859,0.0121417899363233
ck,2013,0.0875968146158082,0.0231649104117765,0.0539473553378586,0.126197114550935
ck,2014,0.0292646881172976,0.00773902431771121,0.0180229445059131,0.042160428034212
ck,2015,0.0371905411490657,0.00983501007042466,0.0229041586429312,0.0535788772934777
ck,2016,0.040059628219389,0.0105937379447101,0.0246711139866482,0.0577122525909495
ck,2017,0.0412789902242764,0.0109161972912814,0.0254220700077279,0.059468937092375
ck,2018,0.0448653490621806,0.0118646071341381,0.0276307641873741,0.0646356562142147
ck,2019,0.0412431266358974,0.0109067131928528,0.0253999830659314,0.0594172699011566
ck,2020,0.0393459428106461,0.0104050043859816,0.0242315838448986,0.0566840754857034
ck,2021,0.0424804204349743,0.0112339145886384,0.0261619825579093,0.0611997879981913
crashed,1963,0,0,0,0
delta,1963,100,0,100,100
dep_t,1963,0.736349785147639,0.0286232382199702,0.698842819743371,0.786050840982498
dep_t,1964,2.52837417151955,0.0461351976731681,2.4348068863367,2.61517937161048
dep_t,1965,0.000391953537686701,0.000243053567942812,0.000127840075943312,0.000865439105159916
dep_t,1966,1.58091162306184e-05,1.1259301241769e-05,4.83550913860425e-06,3.85647832690419e-05
dep_t,1967,1.05797186273409e-05,1.05801668416273e-05,2.93681859195215e-06,2.89793185603511e-05
dep_t,1968,2.15219570005225e-05,1.38021954696728e-05,7.04885420093016e-06,4.58878931785815e-05
dep_t,1969,7.83472319673047e-05,4.50523003699589e-05,2.84182117520481e-05,0.000157037908373203
dep_t,1970,0.0111124684333645,0.00645043266190174,0.00410367287176979,0.0232884434743326
dep_t,1971,0.0852061658655306,0.0760130779829027,0.023483442311551,0.248218953350548
dep_t,1972,0.0252181932933609,0.0169430636468483,0.00801762945981612,0.0564399791040446
dep_t,1973,0.00203355244787038,0.00191910013631103,0.000520088529964949,0.00536083647071088
dep_t,1974,0.0606658718256198,0.082998804797066,0.0124570595148807,0.198279176977424
dep_t,1975,0.136568321871087,0.101763312584811,0.0387948627478372,0.30708849672069
dep_t,1976,0.086123351089803,0.0565251324360973,0.0177487760686115,0.188596707654629
dep_t,1977,0.600019217605325,0.426921978243269,0.139724332401525,1.44409408196846
dep_t,1978,0.649133859886131,0.270498715266653,0.275754038552585,1.10869179653472
dep_t,1979,0.116907043003141,0.0431535935265274,0.0602144266399889,0.196093943180936
dep_t,1980,0.191799584890026,0.16925215211731,0.0431706676842005,0.537637618818017
dep_t,1981,0.555761717048241,0.296155403657034,0.233121089597114,1.13138810730928
dep_t,1982,0.18958074128721,0.0595107678547693,0.100319263016597,0.291882725438723
dep_t,1983,0.155364398326926,0.0400802723869685,0.0902189756546128,0.21517931523582
dep_t,1984,1.1051562469575,0.569983767644699,0.467905241441386,2.18603678373718
dep_t,1985,0.467181397580793,0.298826725173009,0.172062500844985,1.08728504932663
dep_t,1986,0.346485927750999,0.214528598245143,0.122457940558792,0.833100150627833
dep_t,1987,0.581152653743393,0.393167495989694,0.169338960003031,1.41586472891976
dep_t,1988,0.535264000708956,0.218059241145445,0.210280196221195,0.904331713357797
dep_t,1989,0.773908577557758,0.191937382523717,0.465233139773499,1.06322334078997
dep_t,1990,0.83711928945724,0.269542793011114,0.405342166563864,1.24030636107902
dep_t,1991,0.429879919713047,0.167491546587704,0.170769791182308,0.688572734623193
dep_t,1992,0.388454055721293,0.185520937826114,0.136690103561585,0.741023805424
dep_t,1993,0.56048373232442,0.207290674993229,0.231610660636544,0.917342099320681
dep_t,1994,0.416139712264952,0.212087028862628,0.203047155457404,0.872864300928291
dep_t,1995,0.141328501794327,0.0589027402330585,0.0640793069607153,0.239331551278003
dep_t,1996,0.0967556485528274,0.0475804590754707,0.0478051582582109,0.205691981403479
dep_t,1997,0.948338514313628,0.38464245423735,0.440976960210002,1.64673446090699
dep_t,1998,0.268757868015072,0.0876715064211175,0.152400681724595,0.415348131506765
dep_t,1999,0.199399567921454,0.136658720002553,0.0450991509962643,0.468807625780292
dep_t,2000,0.760056542094738,0.550389415249387,0.145363983074935,1.96662390922105
dep_t,2001,0.29807635799094,0.123765592967726,0.112864445094451,0.492178416842423
dep_t,2002,0.201906407594434,0.095056064691321,0.0887576521985922,0.383004830419803
dep_t,2003,0.712143156052323,0.361630234050377,0.295520164044479,1.38627542642902
dep_t,2004,0.112970601098436,0.046479476198095,0.05993109318583,0.213697963154189
dep_t,2005,0.367233606691945,0.191708545175319,0.181177327697166,0.812963862516173
dep_t,2006,0.67583427320513,0.497111668424315,0.231980840326476,1.70885757788976
dep_t,2007,0.195017680165881,0.0638289800753106,0.111102033231864,0.293297815421581
dep_t,2008,0.421435896631757,0.189012662644607,0.173072637192345,0.802482712061176
dep_t,2009,1.45017114709109,0.581142378046534,0.568121529460297,2.2603315435228
dep_t,2010,0.683038248365091,0.460300342816524,0.210724439158706,1.69793060914725
dep_t,2011,0.941498599378752,0.468535852091196,0.333280484670132,1.78998766657491
dep_t,2012,0.958300641900078,0.519752748735356,0.298963598429899,1.89188937191098
dep_t,2013,1.08711043684429,0.403413633738385,0.518402829111636,1.77373315852133
dep_t,2014,1.37417223033596,0.28982948573221,0.783245925979313,1.72377428875491
dep_t,2015,1.35183455092761,0.910906695863279,0.478617083048159,3.12274696637425
dep_t,2016,0.441045556847486,0.829548633789592,8.51646729032074e-13,2.43190896739637
dep_t,2017,0.262817739678626,0.458095427947711,2.57497831528202e-11,1.45701963302458
dep_t,2018,0.10716569398431,0.186070484326261,3.96574107666077e-11,0.564846135688729
dep_t,2019,0.0378683299954252,0.0824789613794892,4.76733078577497e-11,0.242625911029993
dep_t,2020,0.00968619527311652,0.0239594854119193,2.19354867691716e-11,0.069317534182004
dep_t,2021,0.00783991813428605,0.0288727244098778,3.95188023370276e-11,0.0438089419849535
growth_t,1963,0.126149241215206,0.00779358075847849,0.114476147499445,0.137146505627968
growth_t,1964,-2.52228025731798,0.0444171599454804,-2.59879903535277,-2.43164015825432
growth_t,1965,2.7520915587792e-06,3.70687750059409e-06,2.13229578924933e-07,9.74257906268859e-06
growth_t,1966,4.85862008835716e-09,8.09781555728888e-09,3.04919791611571e-10,1.91253533304298e-08
growth_t,1967,2.83307357848894e-09,8.14794576124108e-09,1.11619433871423e-10,1.06154020212365e-08
growth_t,1968,8.66969948966747e-09,1.53558803034437e-08,6.47544187747252e-10,2.87923527905905e-08
growth_t,1969,1.07027480515099e-07,1.57624059332084e-07,1.05520794625957e-08,3.26466148684286e-07
growth_t,1970,0.00209301765801512,0.00286729008740208,0.000218852997219244,0.00689434278128161
growth_t,1971,0.0447490128172376,0.0337430921103338,0.00704092056130303,0.119962919647559
growth_t,1972,0.00968381103206584,0.0111900106426407,0.000840145563302261,0.0339449581542045
growth_t,1973,0.000105037470876971,0.000348961169632619,3.58418166623368e-06,0.000387581573118992
growth_t,1974,0.0289668610426557,0.0362925955163624,0.00196652545698509,0.110169524952712
growth_t,1975,0.0700368033606212,0.0375018055623754,0.0183643732068332,0.13982965638913
growth_t,1976,0.0479309728938373,0.0305451439797436,0.00394064686750156,0.101467395794858
growth_t,1977,0.0384316408244287,0.259020420389283,-0.411459061757829,0.162930259226503
growth_t,1978,0.102002167477197,0.109565715653061,-0.0790942445195524,0.165388303758245
growth_t,1979,0.0659337793215023,0.0205514304434571,0.0376222570303586,0.10268396280952
growth_t,1980,0.0829313497530921,0.0526866324707804,0.0229663132302509,0.164721161574688
growth_t,1981,0.103958415748983,0.152976494669304,-0.102497004133191,0.164629928793528
growth_t,1982,0.0978816201358133,0.0230609116957804,0.0593851934081568,0.131759386181543
growth_t,1983,0.0846061589488279,0.0182111524931192,0.0539262245340187,0.111447989180227
growth_t,1984,-0.27706703717833,0.62863503676391,-1.6299094852724,0.164402110368021
growth_t,1985,0.105709071450154,0.14451503976011,-0.0604672350312479,0.163425074808237
growth_t,1986,0.117892579121375,0.0337503120749033,0.0593845053675772,0.163293684772202
growth_t,1987,0.0540196363925351,0.208973081873472,-0.407839608144658,0.163132523748584
growth_t,1988,0.131058060837001,0.0351693320244333,0.0592198123865379,0.163274691033419
growth_t,1989,0.0896432766349161,0.0727652664932118,-0.0437293326805261,0.161884045934092
growth_t,1990,0.0420259993322254,0.136046285621632,-0.195948732218711,0.161624278370814
growth_t,1991,0.141727877879461,0.022598392336913,0.0930759852580623,0.165451649197701
growth_t,1992,0.132620506334419,0.0289571740355803,0.0745600778775931,0.165467545766021
growth_t,1993,0.132711716814374,0.0386901976091111,0.0487228486225989,0.165272184158775
growth_t,1994,0.12974651919562,0.0316632517924744,0.0689999808643836,0.160349478740485
growth_t,1995,0.077101211271461,0.0260169345919271,0.037110493898115,0.117802203432026
growth_t,1996,0.0552265127857854,0.0229750651167831,0.0282324823505714,0.105064007798624
growth_t,1997,-0.0694003222745259,0.314591698073064,-0.713536212164472,0.161685797271838
growth_t,1998,0.122959042419954,0.0224547142093861,0.087313789256,0.15690526999218
growth_t,1999,0.0912226505978439,0.042872101086844,0.0254424736325784,0.15387725302701
growth_t,2000,-0.0704589700981894,0.446378123744416,-1.16363394312482,0.15990214415636
growth_t,2001,0.126404894975826,0.0316524093596636,0.0654363195286788,0.162090095899737
growth_t,2002,0.0991601735514035,0.0320736794462694,0.053815098081037,0.154248999374529
growth_t,2003,0.0512848924476397,0.22099248692176,-0.34336423164018,0.165642557309873
growth_t,2004,0.064327153652449,0.023021840143944,0.0361006370371932,0.115436461324377
growth_t,2005,0.127492626582553,0.0335138429432423,0.0824526642891089,0.162270256205297
growth_t,2006,-0.0247644907640203,0.332137767867983,-0.832937402691816,0.161054714204054
growth_t,2007,0.0996199465746988,0.0218101429903721,0.0646231764769442,0.132244087315799
growth_t,2008,0.136111200249977,0.0286641120614773,0.0787357405995421,0.165211471927466
growth_t,2009,-0.648978299045059,0.708419542457695,-1.83874288178555,0.158794011388377
growth_t,2010,-0.00394476132916876,0.39704221105352,-0.827209207574629,0.162146452521917
growth_t,2011,-0.110594989889428,0.378672106634881,-0.92770689055881,0.162591180186181
growth_t,2012,-0.144717911915905,0.454419526927705,-1.07613318927686,0.165413764618345
growth_t,2013,-0.170036981127655,0.396738567604034,-0.896781852176824,0.157943950033774
growth_t,2014,-0.392463726409423,0.284750250341552,-0.810866324862953,0.106413030244376
growth_t,2015,-0.848312779676126,1.77796766359533,-4.3426944129215,0.16656261376671
growth_t,2016,-0.279099856212974,1.45213633131808,-2.22736596742399,0.157046792863877
growth_t,2017,-0.00804805379544463,0.237548545505389,-0.410107461695255,0.154568022639522
growth_t,2018,0.0377389060106373,0.0525002975601456,2.01895736279743e-20,0.151888329692975
growth_t,2019,0.0172609341338839,0.0377213519936005,2.98357536291835e-20,0.11657714398369
growth_t,2020,0.00517571383071901,0.0136957553343245,6.2446245177145e-21,0.0406362343756991
growth_t,2021,0.00430871976702423,0.0153514219446104,2.58478255301045e-11,0.0272294694501005
index_hat_t,1963,44121.4303514195,12069.5485672136,28887.4089327135,64498.8948991359
index_hat_t,1964,152158.94498937,43848.1803039687,96186.0524743426,230699.440187429
index_hat_t,1965,23.1872849896152,16.9018941223865,7.69930408792298,56.3494999601448
index_hat_t,1966,0.968204924457838,0.87865025147599,0.297721017048178,2.68375551047263
index_hat_t,1967,0.644044398359385,0.654510846904867,0.155978839673613,2.10908612382064
index_hat_t,1968,1.24716533135539,0.810922743768254,0.426845303678886,2.86442060237122
index_hat_t,1969,4.57988585913971,2.87506065153423,1.72290042425309,10.1454843207007
index_hat_t,1970,653.750216425986,433.579491644361,251.461959652063,1456.10638811827
index_hat_t,1971,5299.04637992086,5834.91111088419,1466.99294874719,17166.2014492931
index_hat_t,1972,1510.6930581168,1179.47579742952,522.784339318525,4126.69719560165
index_hat_t,1973,114.599178398795,98.0134719839354,32.4460841571358,275.048825688492
index_hat_t,1974,3311.21628601003,4014.76123708667,748.843553292182,9827.11804448971
index_hat_t,1975,7676.80527120873,5245.0046717418,2499.72064584304,16979.5366894419
index_hat_t,1976,4776.43488450223,3020.24047872261,1334.1347921099,10204.3690519324
index_hat_t,1977,34884.7728003567,25395.3866628544,7639.54888586377,83490.4820873064
index_hat_t,1978,38761.8906051001,19626.7391414783,15616.6773110133,75315.3238156196
index_hat_t,1979,7006.31079925573,3252.90797825382,3002.97737857625,13343.9035632877
index_hat_t,1980,10942.3282170632,10072.9603708523,2288.63097574051,30468.1208501142
index_hat_t,1981,33625.8157466229,20111.3201241597,10839.5424860959,67687.1140989725
index_hat_t,1982,11675.6860085139,5475.29696497047,4613.87490447471,21806.8900299705
index_hat_t,1983,9503.69303478739,4028.05600873965,4090.60317718358,16835.8816023801
index_hat_t,1984,71011.1655979483,50894.3409254046,23581.7771472169,170350.800772751
index_hat_t,1985,30520.0378864108,27638.5417835898,8927.45506771386,87037.7374589759
index_hat_t,1986,20544.8961211698,14252.8527013261,6594.85380127234,49305.3358093432
index_hat_t,1987,33798.6318014663,24252.9967636297,10341.2085852532,84854.113578701
index_hat_t,1988,31455.0735220373,14974.7945411718,12654.7516901085,60449.1055532896
index_hat_t,1989,46893.3678683,19201.5986719381,22585.6878085167,83776.3102577056
index_hat_t,1990,50707.2506043863,23593.9028271689,22796.4852891669,94664.7868917915
index_hat_t,1991,25664.1693269878,12059.5330635611,9296.42030144701,47111.3608106289
index_hat_t,1992,23235.3762245597,12299.281015376,7927.20358949824,43465.9208959605
index_hat_t,1993,33500.7250202891,15141.031740061,13516.5504285809,59471.3861203797
index_hat_t,1994,26219.8864613254,18309.5182271224,10274.3801642516,68107.7709752431
index_hat_t,1995,8121.96537517651,3247.35187232273,4022.76834499747,13710.3552299003
index_hat_t,1996,6025.38466637468,4130.25111784545,2514.64481667444,15626.1880130239
index_hat_t,1997,57914.5022200104,31085.698729822,21710.7509512746,116977.371458738
index_hat_t,1998,16200.2549267131,7323.37141371231,7205.90285810171,27865.3046192927
index_hat_t,1999,12661.1792991276,10985.6369132677,3135.47747989681,36695.711047501
index_hat_t,2000,47314.2522565578,41731.8445363696,9949.78407812737,128252.592765532
index_hat_t,2001,18093.3335459843,10360.2359267156,7001.50154606865,39122.3209356089
index_hat_t,2002,11487.6588108571,4724.53585554657,4684.97194047396,19624.4633804514
index_hat_t,2003,43899.4077756181,28824.6958297084,15091.8835643175,94438.2310070233
index_hat_t,2004,6648.97690497371,2923.18157576383,3353.32540576266,12392.3203540615
index_hat_t,2005,21424.1705594358,11082.0815597767,9686.80912784733,42966.8828996351
index_hat_t,2006,38774.962342002,28139.3173039602,11990.4020480167,100377.076897985
index_hat_t,2007,11925.349003466,5508.97532152837,5015.85658482895,21398.3681461645
index_hat_t,2008,25490.6688797738,13135.3973294489,8718.70223724873,47384.022099225
index_hat_t,2009,85411.4359216975,39819.8008025691,29954.1079165673,160170.523416603
index_hat_t,2010,40794.6801026745,28970.9948083712,11184.4254115607,98732.3602809304
index_hat_t,2011,57531.7141555529,36169.822754051,17373.4038277716,121275.889607203
index_hat_t,2012,59730.2339866768,40788.2247013687,14323.0415466918,142813.638895785
index_hat_t,2013,65500.6602042172,33217.6081456641,26664.6933059705,128874.340612493
index_hat_t,2014,82248.9322379508,28419.5336732698,42073.7838171716,131752.78927705
index_hat_t,2015,83892.2635618932,67774.2803480121,25568.3490052587,229362.018572682
index_hat_t,2016,30582.4414889929,63837.2180103477,5.54539847110093e-08,179702.671023724
index_hat_t,2017,16833.7207269687,32299.1058367971,9.79183521521678e-07,85955.1666172188
index_hat_t,2018,7288.38634140682,14269.546121927,2.21555467407452e-06,41025.020278233
index_hat_t,2019,2781.54438339494,6737.81566414672,2.3175464612266e-06,19349.1609004522
index_hat_t,2020,742.833526749717,1979.70135701705,1.06428992149646e-06,5674.1616833442
index_hat_t,2021,644.600323526225,2436.16930215298,1.79656604377553e-06,3966.57050447287
k,1963,60109.5660411252,17048.3867665741,38709.2862095471,90551.2436240024
log_b,1963,10.6587573033463,0.266433476970666,10.2711610818167,11.0744033662436
log_b,1964,11.8929653560457,0.279759137021784,11.4740396377128,12.348871017362
log_b,1965,2.94642708338952,0.604913016543064,2.0411299287446,4.03157324796357
log_b,1966,-0.291481072566206,0.669892352597415,-1.21159891716624,0.987217095379523
log_b,1967,-0.7989995191019,0.796511385658526,-1.85803498212828,0.746254574712412
log_b,1968,0.0389692274041402,0.596695358481296,-0.851333798690892,1.05236604459932
log_b,1969,1.36345125860514,0.548358838763412,0.544009141305444,2.31702752018099
log_b,1970,6.32336013006298,0.539020288155738,5.52729163703331,7.28352104762099
log_b,1971,8.23006495231077,0.751485911465621,7.29096995056145,9.7506976661839
log_b,1972,7.10777938635017,0.615738625067765,6.25916854700693,8.32523251148823
log_b,1973,4.4996633558473,0.6700153981624,3.47957898566679,5.61694855836247
log_b,1974,7.7188652222686,0.806794019391572,6.61852996316693,9.19290081041948
log_b,1975,8.75370351261274,0.61458039979036,7.82393421817884,9.73976407996169
log_b,1976,8.28472798362379,0.628411981727663,7.19603820889706,9.23057111285939
log_b,1977,10.2078233591057,0.733874075008764,8.94109297609489,11.3324877901015
log_b,1978,10.4423396061226,0.500559628264542,9.65609378591388,11.229438586534
log_b,1979,8.75018652412736,0.461081436126365,8.00735950633449,9.49881489435334
log_b,1980,8.92801111384381,0.857971262969815,7.73570904852464,10.3244361631477
log_b,1981,10.2577529237315,0.584845909119866,9.29095602580147,11.1226510897854
log_b,1982,9.24963748894852,0.493423632042001,8.43682329820732,9.98998125009176
log_b,1983,9.06626792936544,0.441624344850277,8.31644768854986,9.73126768332381
log_b,1984,10.9393537118941,0.666441017720947,10.0682286286139,12.0456150682624
log_b,1985,10.0443174324045,0.72769608919407,9.09688658493013,11.3740966510845
log_b,1986,9.74117925003608,0.601094832657786,8.79404469501877,10.8057874230558
log_b,1987,10.2160182139517,0.639393270255856,9.24389190795468,11.3486880125049
log_b,1988,10.2478264033394,0.471787331377012,9.44578769544247,11.0095569533963
log_b,1989,10.6753594086018,0.402614162814433,10.0250716968861,11.3359055515026
log_b,1990,10.7302650197216,0.454412436301078,10.0343616004578,11.4580973672337
log_b,1991,10.0328978278361,0.510612944564623,9.13738468737266,10.7602694563532
log_b,1992,9.89940714663457,0.575487501453752,8.97805558758834,10.6797324623071
log_b,1993,10.309309337922,0.483168300193306,9.51167016316577,10.9932505108606
log_b,1994,9.9802501583331,0.593845333378986,9.23740862437281,11.1288461311579
log_b,1995,8.92202048144767,0.404850335600016,8.29972558740587,9.52590667626396
log_b,1996,8.52906350829552,0.555990039083627,7.82988681716827,9.65670348004614
log_b,1997,10.8288345215985,0.528780278615754,9.98556284757054,11.6697351985162
log_b,1998,9.59879878840569,0.433937435000886,8.88265580305821,10.2351372237491
log_b,1999,9.11087873037225,0.809208308499877,8.05053671577365,10.5104151116524
log_b,2000,10.4134826271822,0.845983794061262,9.20530612378954,11.7617568572109
log_b,2001,9.65423771018872,0.543296561529656,8.85387986843358,10.5744482757586
log_b,2002,9.25839076822352,0.442084731988034,8.45211479227744,9.88453214115623
log_b,2003,10.5073003320674,0.596500347511348,9.62191222849015,11.4557012595088
log_b,2004,8.71451943047007,0.415571629458351,8.11770779045934,9.42483218160391
log_b,2005,9.85967481547615,0.465102062130111,9.1785202332312,10.6681845532428
log_b,2006,10.3349925952788,0.665519482897492,9.3918616013196,11.5166891301813
log_b,2007,9.27919086232498,0.470068645108099,8.52035907871035,9.97106994297058
log_b,2008,9.9994020465866,0.566035825498473,9.07322542955356,10.7660403571007
log_b,2009,11.2392932587761,0.501717528098908,10.3074217151782,11.9839940310909
log_b,2010,10.386000167163,0.68753639946797,9.32227639666161,11.5001680349862
log_b,2011,10.7675998280414,0.637749978241815,9.76269577738871,11.7058233064863
log_b,2012,10.7634099359457,0.708130659022252,9.56962480073451,11.8692958347762
log_b,2013,10.9764090672126,0.475749869332853,10.1910954707696,11.7665927712499
log_b,2014,11.2540455006353,0.368133542729576,10.6471799182561,11.7886826282952
log_b,2015,11.0701773454767,0.705012526657322,10.1491104207287,12.3430569009021
log_b,2016,5.52713408309783,9.32452227441258,-16.7077124115311,12.0990588434539
log_b,2017,3.5995854644546,9.73835091163327,-13.8365467563054,11.3615746377515
log_b,2018,0.949086436717362,9.87810622700761,-13.0200078017336,10.6219364752274
log_b,2019,-3.28636726066885,9.79400571989204,-12.9750022896536,9.87040286721091
log_b,2020,-8.69277877523286,8.17238107309899,-13.7532037775618,8.64367760238065
log_b,2021,-8.66232863545049,6.59041025411016,-13.229638843043,8.28565415782021
log_b_div_bmsy,1963,0.386348736061065,0.0386137142020029,0.334817753161578,0.452413374945831
log_b_div_bmsy,1964,1.62055678876044,0.0182871312532283,1.58301462584387,1.65447986907311
log_b_div_bmsy,1965,-7.32598148389576,0.595031011237998,-8.27158351795935,-6.35912660536657
log_b_div_bmsy,1966,-10.5638896398515,0.622949693229288,-11.5463771391917,-9.47002393903065
log_b_div_bmsy,1967,-11.0714080863872,0.735551223089499,-12.0450369274847,-9.75578097641213
log_b_div_bmsy,1968,-10.2334393398811,0.600326339678655,-11.1694983115701,-9.29616206051118
log_b_div_bmsy,1969,-8.90895730868015,0.545435905829469,-9.77533317893314,-8.06587639442556
log_b_div_bmsy,1970,-3.9490484372223,0.530155369515631,-4.80272574045371,-3.06665095847056
log_b_div_bmsy,1971,-2.04234361497451,0.701203173581832,-3.05831304395508,-0.70029754616847
log_b_div_bmsy,1972,-3.16462918093511,0.590081792358083,-4.13296536952525,-2.1814306316279
log_b_div_bmsy,1973,-5.77274521143799,0.69928436860713,-6.86836500940932,-4.53548823118508
log_b_div_bmsy,1974,-2.55354334501668,0.854463730565061,-3.69232062962655,-0.924932165331108
log_b_div_bmsy,1975,-1.51870505467254,0.657534460693899,-2.55632033679237,-0.487472249463522
log_b_div_bmsy,1976,-1.98768058366149,0.71963765401862,-3.33829155317378,-0.974997193435856
log_b_div_bmsy,1977,-0.0645852081796049,0.723057876933128,-1.274937244346,1.06062937146705
log_b_div_bmsy,1978,0.169931038837288,0.440586374332999,-0.595098854595094,0.796327909789802
log_b_div_bmsy,1979,-1.52222204315792,0.37683492464929,-2.11669618725773,-0.936014255872204
log_b_div_bmsy,1980,-1.34439745344147,0.88438911090107,-2.44944688900931,0.072576660174868
log_b_div_bmsy,1981,-0.0146556435538231,0.484108921950561,-0.763050141800956,0.816592161580883
log_b_div_bmsy,1982,-1.02277107833676,0.334636742493049,-1.60625107096303,-0.538256078800099
log_b_div_bmsy,1983,-1.20614063791984,0.282897568173241,-1.7123683244662,-0.84313639355469
log_b_div_bmsy,1984,0.666945144608772,0.499960815516393,-0.0663426317548185,1.47523739671581
log_b_div_bmsy,1985,-0.228091134880789,0.563512180388695,-1.06675031602747,0.776830619583658
log_b_div_bmsy,1986,-0.531229317249198,0.565096951137073,-1.40684050135504,0.510545763626392
log_b_div_bmsy,1987,-0.0563903533335772,0.641846711203268,-1.08270571169965,1.04088764020828
log_b_div_bmsy,1988,-0.0245821639459082,0.448427756588031,-0.866167234087403,0.592588134144724
log_b_div_bmsy,1989,0.402950841316523,0.268670845649392,-0.0720694599115371,0.754452357642998
log_b_div_bmsy,1990,0.457856452436349,0.351302635640989,-0.209876532415474,0.90850553496138
log_b_div_bmsy,1991,-0.239510739449193,0.442333022003117,-1.07429173608854,0.32001285232987
log_b_div_bmsy,1992,-0.373001420650711,0.507215152961775,-1.2968917527588,0.39342460213532
log_b_div_bmsy,1993,0.036900770636675,0.411231918564232,-0.769551226947098,0.606872365920486
log_b_div_bmsy,1994,-0.292158408952184,0.449412404392586,-0.90116988341315,0.55717196148636
log_b_div_bmsy,1995,-1.35038808583761,0.422959264803225,-2.05448661316754,-0.736758646692371
log_b_div_bmsy,1996,-1.74334505898976,0.434612946190653,-2.34747461396054,-0.88822834953357
log_b_div_bmsy,1997,0.556425954313255,0.415082411442361,-0.125615611208722,1.19194135297851
log_b_div_bmsy,1998,-0.673609778879588,0.327178565311075,-1.18809499050552,-0.185491061275153
log_b_div_bmsy,1999,-1.16152983691303,0.718240152115779,-2.40574477824415,-0.0644156284286135
log_b_div_bmsy,2000,0.141074059896953,0.782930238614279,-1.23536732659459,1.36946356189372
log_b_div_bmsy,2001,-0.618170857096561,0.474860204682075,-1.48842066330158,-0.0157668653994641
log_b_div_bmsy,2002,-1.01401779906177,0.465971547878105,-1.7286996858467,-0.2665604981325
log_b_div_bmsy,2003,0.234891764782078,0.485713005638288,-0.525871054817668,1.01976777973559
log_b_div_bmsy,2004,-1.55788913681521,0.363680769663916,-2.12141460333101,-0.850044498449478
log_b_div_bmsy,2005,-0.412733751809135,0.433578427027926,-1.01513183674356,0.486078520174741
log_b_div_bmsy,2006,0.0625840279935359,0.671053130987432,-0.76795331648104,1.22897219339642
log_b_div_bmsy,2007,-0.993217704960303,0.323983986814913,-1.50415913578145,-0.533419712755699
log_b_div_bmsy,2008,-0.273006520698683,0.462111657720613,-1.0608986883708,0.473102212513504
log_b_div_bmsy,2009,0.966884691490818,0.466902235850293,0.127727206413275,1.50865865798228
log_b_div_bmsy,2010,0.113591599877705,0.630063826529174,-0.864056804205404,1.22255440503211
log_b_div_bmsy,2011,0.495191260756167,0.547373438444763,-0.40562371169398,1.27535589339383
log_b_div_bmsy,2012,0.491001368660433,0.588616857577475,-0.514286346452613,1.33072317794489
log_b_div_bmsy,2013,0.704000499927282,0.393274015982423,0.036144270052417,1.26623362898767
log_b_div_bmsy,2014,0.981636933350051,0.26447090557005,0.448838570550768,1.23766342122835
log_b_div_bmsy,2015,0.797768778191378,0.612144914698577,-0.0437072360566736,1.83186023260474
log_b_div_bmsy,2016,-4.74527448418745,9.35218791573707,-27.0984574194651,1.58182232972489
log_b_div_bmsy,2017,-6.67282310283068,9.78419003565535,-23.6894493650143,1.06954009401225
log_b_div_bmsy,2018,-9.32332213056792,9.87268955066983,-23.2575961643887,0.121945263974666
log_b_div_bmsy,2019,-13.5587758279541,9.75998542567244,-23.0735026146893,-0.723087624291568
log_b_div_bmsy,2020,-18.9651873425181,8.08165180821717,-23.8497683865534,-1.97591194887613
log_b_div_bmsy,2021,-18.9347372027358,6.4717774579074,-23.2610978532564,-2.43482770483948
log_c_div_msy,1963,-4.54794277558976,0.268885076205173,-4.98891868377363,-4.17374598758879
log_c_div_msy,1964,-4.54794277558976,0.268885076205173,-4.98891868377363,-4.17374598758879
log_c_div_msy,1965,-16.06086824056,0.268885076205173,-16.5018441487439,-15.686671452559
log_c_div_msy,1966,-16.06086824056,0.268885076205173,-16.5018441487439,-15.686671452559
log_c_div_msy,1967,-16.06086824056,0.268885076205173,-16.5018441487439,-15.686671452559
log_c_div_msy,1968,-16.06086824056,0.268885076205173,-16.5018441487439,-15.686671452559
log_c_div_msy,1969,-16.06086824056,0.268885076205173,-16.5018441487439,-15.686671452559
log_c_div_msy,1970,-4.54794277558976,0.268885076205173,-4.98891868377363,-4.17374598758879
log_c_div_msy,1971,-4.54794277558976,0.268885076205173,-4.98891868377363,-4.17374598758879
log_c_div_msy,1972,-4.54794277558976,0.268885076205173,-4.98891868377363,-4.17374598758879
log_c_div_msy,1973,-16.06086824056,0.268885076205173,-16.5018441487439,-15.686671452559
log_c_div_msy,1974,-5.16412891501358,0.268885076205173,-5.60510482319745,-4.78993212701261
log_c_div_msy,1975,-5.3029653598678,0.268885076205173,-5.74394126805166,-4.92876857186682
log_c_div_msy,1976,-5.24108995614971,0.268885076205173,-5.68206586433358,-4.86689316814874
log_c_div_msy,1977,-4.78366510911083,0.268885076205173,-5.2246410172947,-4.40946832110986
log_c_div_msy,1978,-3.34797799266137,0.268885076205173,-3.78895390084524,-2.97378120466039
log_c_div_msy,1979,-5.28191195066996,0.268885076205173,-5.72288785885383,-4.90771516266899
log_c_div_msy,1980,-3.35099458620079,0.268885076205173,-3.79197049438466,-2.97679779819982
log_c_div_msy,1981,-3.0132284093516,0.268885076205173,-3.45420431753547,-2.63903162135063
log_c_div_msy,1982,-3.15666087295884,0.268885076205173,-3.5976367811427,-2.78246408495786
log_c_div_msy,1983,-3.64372462494988,0.268885076205173,-4.08470053313375,-3.26952783694891
log_c_div_msy,1984,-3.60015337665624,0.268885076205173,-4.04112928484011,-3.22595658865527
log_c_div_msy,1985,-3.39421118770058,0.268885076205173,-3.83518709588444,-3.0200143996996
log_c_div_msy,1986,-3.23960995593959,0.268885076205173,-3.68058586412345,-2.86541316793861
log_c_div_msy,1987,-3.32711285419741,0.268885076205173,-3.76808876238127,-2.95291606619643
log_c_div_msy,1988,-3.16164841446987,0.268885076205173,-3.60262432265374,-2.7874516264689
log_c_div_msy,1989,-3.52909545539052,0.268885076205173,-3.97007136357439,-3.15489866738954
log_c_div_msy,1990,-3.57716385843154,0.268885076205173,-4.01813976661541,-3.20296707043057
log_c_div_msy,1991,-3.48323203859734,0.268885076205173,-3.9242079467812,-3.10903525059636
log_c_div_msy,1992,-3.53634186391128,0.268885076205173,-3.97731777209515,-3.16214507591031
log_c_div_msy,1993,-3.43938015606849,0.268885076205173,-3.88035606425235,-3.06518336806751
log_c_div_msy,1994,-3.45601947507245,0.268885076205173,-3.89699538325632,-3.08182268707148
log_c_div_msy,1995,-3.497121150758,0.268885076205173,-3.93809705894187,-3.12292436275703
log_c_div_msy,1996,-3.82523679278827,0.268885076205173,-4.26621270097214,-3.4510400047873
log_c_div_msy,1997,-3.85479559502982,0.268885076205173,-4.29577150321369,-3.48059880702885
log_c_div_msy,1998,-3.35705521081248,0.268885076205173,-3.79803111899635,-2.98285842281151
log_c_div_msy,1999,-3.41977168468011,0.268885076205173,-3.86074759286398,-3.04557489667914
log_c_div_msy,2000,-3.53998485518979,0.268885076205173,-3.98096076337365,-3.16578806718881
log_c_div_msy,2001,-3.75043557970558,0.268885076205173,-4.19141148788944,-3.3762387917046
log_c_div_msy,2002,-3.60015337665624,0.268885076205173,-4.04112928484011,-3.22595658865527
log_c_div_msy,2003,-4.05324653375366,0.268885076205173,-4.49422244193753,-3.67904974575268
log_c_div_msy,2004,-4.16268037479912,0.268885076205173,-4.60365628298299,-3.78848358679815
log_c_div_msy,2005,-2.84501452006833,0.268885076205173,-3.28599042825219,-2.47081773206735
log_c_div_msy,2006,-2.80048356525829,0.268885076205173,-3.24145947344216,-2.42628677725732
log_c_div_msy,2007,-3.562125981067,0.268885076205173,-4.00310188925087,-3.18792919306603
log_c_div_msy,2008,-3.42626521399066,0.268885076205173,-3.86724112217453,-3.05206842598969
log_c_div_msy,2009,-3.41654066409866,0.268885076205173,-3.85751657228253,-3.04234387609769
log_c_div_msy,2010,-3.44600269682898,0.268885076205173,-3.88697860501285,-3.07180590882801
log_c_div_msy,2011,-3.24775111352329,0.268885076205173,-3.68872702170715,-2.87355432552231
log_c_div_msy,2012,-3.00038026687375,0.268885076205173,-3.44135617505762,-2.62618347887278
log_c_div_msy,2013,-0.659188397100973,0.268885076205173,-1.10016430528484,-0.284991609099999
log_c_div_msy,2014,-1.7555514260538,0.268885076205173,-2.19652733423767,-1.38135463805283
log_c_div_msy,2015,-1.51587857278838,0.268885076205173,-1.95685448097225,-1.14168178478741
log_c_div_msy,2016,-1.44156398194871,0.268885076205173,-1.88253989013258,-1.06736719394774
log_c_div_msy,2017,-1.41157937229603,0.268885076205173,-1.8525552804799,-1.03738258429505
log_c_div_msy,2018,-1.328267270551,0.268885076205173,-1.76924317873487,-0.954070482550026
log_c_div_msy,2019,-1.41244855966061,0.268885076205173,-1.85342446784448,-1.03825177165964
log_c_div_msy,2020,-1.45954016719447,0.268885076205173,-1.90051607537833,-1.08534337919349
log_c_div_msy,2021,-1.38288975741907,0.268885076205173,-1.82386566560294,-1.0086929694181
log_depletion,1963,-0.306798444498881,0.0386137142020029,-0.358329427398368,-0.240733805614114
log_depletion,1964,0.927409608200491,0.0182871312532283,0.889867445283925,0.961332688513162
log_depletion,1965,-8.01912866445571,0.595031011237998,-8.9647306985193,-7.05227378592652
log_depletion,1966,-11.2570368204114,0.622949693229288,-12.2395243197516,-10.1631711195906
log_depletion,1967,-11.7645552669471,0.735551223089499,-12.7381841080446,-10.4489281569721
log_depletion,1968,-10.9265865204411,0.600326339678655,-11.8626454921301,-9.98930924107113
log_depletion,1969,-9.60210448924009,0.545435905829469,-10.4684803594931,-8.7590235749855
log_depletion,1970,-4.64219561778224,0.530155369515631,-5.49587292101366,-3.7597981390305
log_depletion,1971,-2.73549079553446,0.701203173581832,-3.75146022451502,-1.39344472672842
log_depletion,1972,-3.85777636149505,0.590081792358083,-4.82611255008519,-2.87457781218785
log_depletion,1973,-6.46589239199793,0.69928436860713,-7.56151218996927,-5.22863541174503
log_depletion,1974,-3.24669052557662,0.854463730565061,-4.3854678101865,-1.61807934589105
log_depletion,1975,-2.21185223523248,0.657534460693899,-3.24946751735231,-1.18061943002347
log_depletion,1976,-2.68082776422143,0.71963765401862,-4.03143873373372,-1.6681443739958
log_depletion,1977,-0.75773238873955,0.723057876933128,-1.96808442490594,0.367482190907102
log_depletion,1978,-0.523216141722657,0.440586374332999,-1.28824603515504,0.103180729229857
log_depletion,1979,-2.21536922371787,0.37683492464929,-2.80984336781767,-1.62916143643215
log_depletion,1980,-2.03754463400142,0.88438911090107,-3.14259406956925,-0.620570520385077
log_depletion,1981,-0.707802824113768,0.484108921950561,-1.4561973223609,0.123444981020938
log_depletion,1982,-1.71591825889671,0.334636742493049,-2.29939825152298,-1.23140325936004
log_depletion,1983,-1.89928781847979,0.282897568173241,-2.40551550502614,-1.53628357411464
log_depletion,1984,-0.0262020359511733,0.499960815516393,-0.759489812314764,0.782090216155865
log_depletion,1985,-0.921238315440735,0.563512180388695,-1.75989749658741,0.0836834390237122
log_depletion,1986,-1.22437649780914,0.565096951137073,-2.09998768191498,-0.182601416933554
log_depletion,1987,-0.749537533893523,0.641846711203268,-1.77585289225959,0.34774045964833
log_depletion,1988,-0.717729344505853,0.448427756588031,-1.55931441464735,-0.100559046415222
log_depletion,1989,-0.290196339243422,0.268670845649392,-0.765216640471482,0.0613051770830529
log_depletion,1990,-0.235290728123596,0.351302635640989,-0.90302371297542,0.215358354401434
log_depletion,1991,-0.932657920009138,0.442333022003117,-1.76743891664849,-0.373134328230076
log_depletion,1992,-1.06614860121066,0.507215152961775,-1.99003893331875,-0.299722578424626
log_depletion,1993,-0.65624640992327,0.411231918564232,-1.46269840750704,-0.0862748146394591
log_depletion,1994,-0.985305589512129,0.449412404392586,-1.5943170639731,-0.135975219073585
log_depletion,1995,-2.04353526639756,0.422959264803225,-2.74763379372749,-1.42990582725232
log_depletion,1996,-2.4364922395497,0.434612946190653,-3.04062179452049,-1.58137553009352
log_depletion,1997,-0.13672122624669,0.415082411442361,-0.818762791768667,0.498794172418561
log_depletion,1998,-1.36675695943953,0.327178565311075,-1.88124217106546,-0.878638241835098
log_depletion,1999,-1.85467701747298,0.718240152115779,-3.0988919588041,-0.757562808988559
log_depletion,2000,-0.552073120662993,0.782930238614279,-1.92851450715453,0.676316381333774
log_depletion,2001,-1.31131803765651,0.474860204682075,-2.18156784386153,-0.708914045959409
log_depletion,2002,-1.70716497962171,0.465971547878105,-2.42184686640664,-0.959707678692445
log_depletion,2003,-0.458255415777867,0.485713005638288,-1.21901823537761,0.32662059917564
log_depletion,2004,-2.25103631737516,0.363680769663916,-2.81456178389096,-1.54319167900942
log_depletion,2005,-1.10588093236908,0.433578427027926,-1.70827901730351,-0.207068660385204
log_depletion,2006,-0.630563152566409,0.671053130987432,-1.46110049704099,0.53582501283647
log_depletion,2007,-1.68636488552025,0.323983986814913,-2.1973063163414,-1.22656689331564
log_depletion,2008,-0.966153701258629,0.462111657720613,-1.75404586893075,-0.220044968046442
log_depletion,2009,0.273737510930873,0.466902235850293,-0.56541997414667,0.815511477422338
log_depletion,2010,-0.57955558068224,0.630063826529174,-1.55720398476535,0.529407224472166
log_depletion,2011,-0.197955919803778,0.547373438444763,-1.09877089225393,0.582208712833883
log_depletion,2012,-0.202145811899512,0.588616857577475,-1.20743352701256,0.637575997384949
log_depletion,2013,0.0108533193673364,0.393274015982423,-0.657002910507528,0.573086448427724
log_depletion,2014,0.288489752790105,0.26447090557005,-0.244308610009177,0.544516240668407
log_depletion,2015,0.104621597631432,0.612144914698577,-0.736854416616619,1.1387130520448
log_depletion,2016,-5.4384216647474,9.35218791573707,-27.7916046000251,0.888675149164948
log_depletion,2017,-7.36597028339063,9.78419003565535,-24.3825965455742,0.376392913452308
log_depletion,2018,-10.0164693111279,9.87268955066983,-23.9507433449487,-0.571201916585279
log_depletion,2019,-14.2519230085141,9.75998542567244,-23.7666497952492,-1.41623480485151
log_depletion,2020,-19.6583345230781,8.08165180821717,-24.5429155671134,-2.66905912943608
log_depletion,2021,-19.6278843832957,6.4717774579074,-23.9542450338163,-3.12797488539942
log_ihat,1963,10.6587573033463,0.266433476970666,10.2711610818167,11.0744033662436
log_ihat,1964,11.8929653560457,0.279759137021784,11.4740396377128,12.348871017362
log_ihat,1965,2.94642708338952,0.604913016543064,2.0411299287446,4.03157324796357
log_ihat,1966,-0.291481072566206,0.669892352597415,-1.21159891716624,0.987217095379523
log_ihat,1967,-0.7989995191019,0.796511385658526,-1.85803498212828,0.746254574712412
log_ihat,1968,0.0389692274041402,0.596695358481296,-0.851333798690892,1.05236604459932
log_ihat,1969,1.36345125860514,0.548358838763412,0.544009141305444,2.31702752018099
log_ihat,1970,6.32336013006298,0.539020288155738,5.52729163703331,7.28352104762099
log_ihat,1971,8.23006495231077,0.751485911465621,7.29096995056145,9.7506976661839
log_ihat,1972,7.10777938635017,0.615738625067765,6.25916854700693,8.32523251148823
log_ihat,1973,4.4996633558473,0.6700153981624,3.47957898566679,5.61694855836247
log_ihat,1974,7.7188652222686,0.806794019391572,6.61852996316693,9.19290081041948
log_ihat,1975,8.75370351261274,0.61458039979036,7.82393421817884,9.73976407996169
log_ihat,1976,8.28472798362379,0.628411981727663,7.19603820889706,9.23057111285939
log_ihat,1977,10.2078233591057,0.733874075008764,8.94109297609489,11.3324877901015
log_ihat,1978,10.4423396061226,0.500559628264542,9.65609378591388,11.229438586534
log_ihat,1979,8.75018652412736,0.461081436126365,8.00735950633449,9.49881489435334
log_ihat,1980,8.92801111384381,0.857971262969815,7.73570904852464,10.3244361631477
log_ihat,1981,10.2577529237315,0.584845909119866,9.29095602580147,11.1226510897854
log_ihat,1982,9.24963748894852,0.493423632042001,8.43682329820732,9.98998125009176
log_ihat,1983,9.06626792936544,0.441624344850277,8.31644768854986,9.73126768332381
log_ihat,1984,10.9393537118941,0.666441017720947,10.0682286286139,12.0456150682624
log_ihat,1985,10.0443174324045,0.72769608919407,9.09688658493013,11.3740966510845
log_ihat,1986,9.74117925003608,0.601094832657786,8.79404469501877,10.8057874230558
log_ihat,1987,10.2160182139517,0.639393270255856,9.24389190795468,11.3486880125049
log_ihat,1988,10.2478264033394,0.471787331377012,9.44578769544247,11.0095569533963
log_ihat,1989,10.6753594086018,0.402614162814433,10.0250716968861,11.3359055515026
log_ihat,1990,10.7302650197216,0.454412436301078,10.0343616004578,11.4580973672337
log_ihat,1991,10.0328978278361,0.510612944564623,9.13738468737266,10.7602694563532
log_ihat,1992,9.89940714663457,0.575487501453752,8.97805558758834,10.6797324623071
log_ihat,1993,10.309309337922,0.483168300193306,9.51167016316577,10.9932505108606
log_ihat,1994,9.9802501583331,0.593845333378986,9.23740862437281,11.1288461311579
log_ihat,1995,8.92202048144767,0.404850335600016,8.29972558740587,9.52590667626396
log_ihat,1996,8.52906350829552,0.555990039083627,7.82988681716827,9.65670348004614
log_ihat,1997,10.8288345215985,0.528780278615754,9.98556284757054,11.6697351985162
log_ihat,1998,9.59879878840569,0.433937435000886,8.88265580305821,10.2351372237491
log_ihat,1999,9.11087873037225,0.809208308499877,8.05053671577365,10.5104151116524
log_ihat,2000,10.4134826271822,0.845983794061262,9.20530612378954,11.7617568572109
log_ihat,2001,9.65423771018872,0.543296561529656,8.85387986843358,10.5744482757586
log_ihat,2002,9.25839076822352,0.442084731988034,8.45211479227744,9.88453214115623
log_ihat,2003,10.5073003320674,0.596500347511348,9.62191222849015,11.4557012595088
log_ihat,2004,8.71451943047007,0.415571629458351,8.11770779045934,9.42483218160391
log_ihat,2005,9.85967481547615,0.465102062130111,9.1785202332312,10.6681845532428
log_ihat,2006,10.3349925952788,0.665519482897492,9.3918616013196,11.5166891301813
log_ihat,2007,9.27919086232498,0.470068645108099,8.52035907871035,9.97106994297058
log_ihat,2008,9.9994020465866,0.566035825498473,9.07322542955356,10.7660403571007
log_ihat,2009,11.2392932587761,0.501717528098908,10.3074217151782,11.9839940310909
log_ihat,2010,10.386000167163,0.68753639946797,9.32227639666161,11.5001680349862
log_ihat,2011,10.7675998280414,0.637749978241815,9.76269577738871,11.7058233064863
log_ihat,2012,10.7634099359457,0.708130659022252,9.56962480073451,11.8692958347762
log_ihat,2013,10.9764090672126,0.475749869332853,10.1910954707696,11.7665927712499
log_ihat,2014,11.2540455006353,0.368133542729576,10.6471799182561,11.7886826282952
log_ihat,2015,11.0701773454767,0.705012526657322,10.1491104207287,12.3430569009021
log_ihat,2016,5.52713408309783,9.32452227441258,-16.7077124115311,12.0990588434539
log_ihat,2017,3.5995854644546,9.73835091163327,-13.8365467563054,11.3615746377515
log_ihat,2018,0.949086436717362,9.87810622700761,-13.0200078017336,10.6219364752274
log_ihat,2019,-3.28636726066885,9.79400571989204,-12.9750022896536,9.87040286721091
log_ihat,2020,-8.69277877523286,8.17238107309899,-13.7532037775618,8.64367760238065
log_ihat,2021,-8.66232863545049,6.59041025411016,-13.229638843043,8.28565415782021
log_sigma_ratio,1963,-0.0378524830033149,0.040979938212973,-0.0884893589231205,0.0502839729550599
log_u_div_umsy,1963,-4.93429151165083,0.262751520464089,-5.34438213566119,-4.55701942836444
log_u_div_umsy,1964,-6.1684995643502,0.271950507595561,-6.61111880299111,-5.77919368175066
log_u_div_umsy,1965,-8.73488675666423,0.597960623813285,-9.80030678706503,-7.83474646116189
log_u_div_umsy,1966,-5.4969786007085,0.662629861298035,-6.74923652935043,-4.57558879789922
log_u_div_umsy,1967,-4.98946015417281,0.784424139837759,-6.51376338795799,-3.92395206594314
log_u_div_umsy,1968,-5.82742890067885,0.601947055198993,-6.83690354937792,-4.93156958349545
log_u_div_umsy,1969,-7.15191093187985,0.54891665613337,-8.12411638704106,-6.32803231034348
log_u_div_umsy,1970,-0.598894338367466,0.531390440444249,-1.53127820046948,0.205415780787242
log_u_div_umsy,1971,-2.50559916061525,0.741967937526976,-3.99478499758375,-1.56512788597256
log_u_div_umsy,1972,-1.38331359465466,0.605282143534937,-2.57098750423846,-0.532339956359572
log_u_div_umsy,1973,-10.288123029122,0.677202715524971,-11.4287631028631,-9.27593437918618
log_u_div_umsy,1974,-2.6105855699969,0.823352766354571,-4.13741727025392,-1.50678390885478
log_u_div_umsy,1975,-3.78426030519526,0.621819205669913,-4.77723684913628,-2.84083030393587
log_u_div_umsy,1976,-3.25340937248822,0.640629600324461,-4.19879749157466,-2.12751339473445
log_u_div_umsy,1977,-4.71907990093123,0.721516243623574,-5.83850066662275,-3.49069538558939
log_u_div_umsy,1978,-3.51790903149866,0.485503277513389,-4.29518060032841,-2.75498730909334
log_u_div_umsy,1979,-3.75968990751204,0.448447131690568,-4.48233553011795,-3.03904033168169
log_u_div_umsy,1980,-2.00659713275932,0.872092512316206,-3.43012821204963,-0.813243431577069
log_u_div_umsy,1981,-2.99857276579778,0.582693182066214,-3.87286202771123,-2.03448028449965
log_u_div_umsy,1982,-2.13388979462207,0.48496510998812,-2.85639711841276,-1.33559971796637
log_u_div_umsy,1983,-2.43758398703003,0.434900532840314,-3.09368462270108,-1.70912237186908
log_u_div_umsy,1984,-4.26709852126501,0.649148508681227,-5.34834852259343,-3.41088891237064
log_u_div_umsy,1985,-3.16612005281979,0.706574934967292,-4.47126092276686,-2.25980281345768
log_u_div_umsy,1986,-2.70838063869039,0.614757141576654,-3.809135022871,-1.76558115409157
log_u_div_umsy,1987,-3.27072250086383,0.66028358065541,-4.43538075585231,-2.26387292929987
log_u_div_umsy,1988,-3.13706625052397,0.487015240377684,-3.92144943823374,-2.31573737167272
log_u_div_umsy,1989,-3.93204629670704,0.404822581673162,-4.5922269980823,-3.27315571934475
log_u_div_umsy,1990,-4.03502031086789,0.453469925893484,-4.7520010672836,-3.33363860635983
log_u_div_umsy,1991,-3.24372129914814,0.510564314175058,-3.96980290680187,-2.34410971580763
log_u_div_umsy,1992,-3.16334044326057,0.573320263492809,-3.93127645551979,-2.24351454538535
log_u_div_umsy,1993,-3.47628092670516,0.479819457242428,-4.15464614794677,-2.6785816503717
log_u_div_umsy,1994,-3.16386106612027,0.576705476221426,-4.26850657057143,-2.42860880171481
log_u_div_umsy,1995,-2.14673306492039,0.40653343156567,-2.73885640174805,-1.50731238370794
log_u_div_umsy,1996,-2.08189173379852,0.548506443667399,-3.19519276897937,-1.39808083503868
log_u_div_umsy,1997,-4.41122154934307,0.536259800261236,-5.2609874573153,-3.5588612018055
log_u_div_umsy,1998,-2.6834454319329,0.4170702102299,-3.30334861944663,-2.00436714944052
log_u_div_umsy,1999,-2.25824184776708,0.796422262399133,-3.61762850341478,-1.19711340073535
log_u_div_umsy,2000,-3.68105891508674,0.828434560227357,-4.98850579654612,-2.51394335752367
log_u_div_umsy,2001,-3.13226472260902,0.532758714288431,-4.02509782578241,-2.34869402144137
log_u_div_umsy,2002,-2.58613557759447,0.4308902639432,-3.21607577615067,-1.81990986554715
log_u_div_umsy,2003,-4.28813829853574,0.583945089817018,-5.21788498595197,-3.41313184107231
log_u_div_umsy,2004,-2.60479123798391,0.422462744697134,-3.33061532303343,-2.00260483473855
log_u_div_umsy,2005,-2.43228076825919,0.476904454170862,-3.2636013719522,-1.74533370127274
log_u_div_umsy,2006,-2.86306759325183,0.681641193877597,-4.07614850332041,-1.92167047241329
log_u_div_umsy,2007,-2.5689082761067,0.458654316370988,-3.2438703232284,-1.83360544152661
log_u_div_umsy,2008,-3.15325869329198,0.558959723089666,-3.90643569441353,-2.23341842889803
log_u_div_umsy,2009,-4.38342535558948,0.502948898844588,-5.1307803290676,-3.43698981054017
log_u_div_umsy,2010,-3.55959429670669,0.701290203590735,-4.69798074089439,-2.48251378251317
log_u_div_umsy,2011,-3.74294237427945,0.641667124001769,-4.68936413662439,-2.73064731021628
log_u_div_umsy,2012,-3.49138163553418,0.68969346623195,-4.56387352724999,-2.34813318391203
log_u_div_umsy,2013,-1.36318889702825,0.477868491888983,-2.15993671798822,-0.578560112011162
log_u_div_umsy,2014,-2.73718835940385,0.368978059956175,-3.28410976684592,-2.10304447839517
log_u_div_umsy,2015,-2.31364735097976,0.696224601397327,-3.58308470177859,-1.42619096351274
log_u_div_umsy,2016,3.30371050223874,9.32335578825126,-3.24156659054669,25.5344244349601
log_u_div_umsy,2017,5.26124373053465,9.74083362839176,-2.46191675074953,22.6960261754079
log_u_div_umsy,2018,7.99505486001692,9.87533232989466,-1.6504607198437,21.9746277814729
log_u_div_umsy,2019,12.1463272682935,9.78692747418849,-0.976445259612696,21.8277137357792
log_u_div_umsy,2020,17.5056471753237,8.16086641488784,0.202750080143123,22.5721771647778
log_u_div_umsy,2021,17.5518474453167,6.57965366809824,0.607103226157048,22.1386161976363
m,1963,2,0,2,2
msy,1963,9798.35160914316,2730.89698946279,6495.83303668668,14677.7624653839
pen,1963,0.0160619541543004,0.117689097926003,0,0.0434542536233056
plim,1963,0.05,0,0.05,0.05
proc_errors,1963,2.9401643938486,0.112220572746093,2.70618358686829,3.09420974951825
proc_errors,1964,0.212638629781028,0.160089961468826,0.0396555480189805,0.540781379086948
proc_errors,1965,0.039659481313847,0.00702992729828101,0.0304671536162292,0.0519570942605695
proc_errors,1966,0.651999524659142,0.278624172991085,0.341407663766991,1.1746070529675
proc_errors,1967,2.74764776932312,1.64939870181232,1.05257831330813,6.22488657470184
proc_errors,1968,3.79420554679888,0.458786399689581,2.82888804813519,4.3033221138575
proc_errors,1969,147.599031736959,38.5314863973439,85.5831076019764,220.16430836545
proc_errors,1970,7.77035761708766,2.99017013658628,4.38390157169465,12.6972007404927
proc_errors,1971,0.230926739483366,0.0769362742286724,0.12409993918361,0.371440871018873
proc_errors,1972,0.0716303733384663,0.0424835520600589,0.0253577385826793,0.160864791479172
proc_errors,1973,27.4468782452086,13.3483604202214,10.8648786059112,51.0441563843292
proc_errors,1974,2.56826915844429,1.73374108071024,0.631307620568101,6.32992535748784
proc_errors,1975,0.451677041996072,0.23520840713956,0.205243359623338,0.975175470919852
proc_errors,1976,5.74702312704158,4.08062939493848,1.22004543648753,14.1236715074368
proc_errors,1977,1.08796025739394,0.336063576807017,0.638271217307972,1.71087084513567
proc_errors,1978,0.156711390391894,0.0358317608182031,0.105122108822396,0.212966977042389
proc_errors,1979,1.0443708440209,0.858789220189535,0.282528436655487,2.93513138701145
proc_errors,1980,3.39350588967965,2.53230190733077,1.06012318529561,8.28463086376498
proc_errors,1981,0.293855921840212,0.0383300986200248,0.229965257239527,0.349305672568346
proc_errors,1982,0.563226957343196,0.0562929937755074,0.460725585113868,0.642129991236089
proc_errors,1983,4.62930463337072,1.839002813259,2.397631515758,7.81954727915629
proc_errors,1984,0.58832985344228,0.396463856284384,0.222690323528702,1.54919758292499
proc_errors,1985,0.816244125629852,0.813482504768717,0.180101643052669,2.68557795877269
proc_errors,1986,1.19366731393983,0.306849564449704,0.717010356017887,1.76825909096696
proc_errors,1987,0.84865093922583,0.0583035610133411,0.770662870033416,0.94593061202624
proc_errors,1988,1.23695265359447,0.320740938825873,0.904327502459092,1.86556608959851
proc_errors,1989,0.968682993910994,0.266360292339676,0.551450035210507,1.38025097472843
proc_errors,1990,0.490958634097195,0.175670684164837,0.265192591922289,0.783841623148061
proc_errors,1991,0.665412929317182,0.162143988360038,0.451165012139446,0.962742610487579
proc_errors,1992,1.09703627343681,0.0914878367032636,0.988235703808903,1.27413813169085
proc_errors,1993,0.609389159463446,0.236569183172212,0.34156531866108,1.03878083041588
proc_errors,1994,0.289272571723645,0.128226614753776,0.079794098774357,0.52873428074841
proc_errors,1995,0.517074865852926,0.287453000331661,0.176761184014633,1.01065018845474
proc_errors,1996,7.18088434138699,3.33584560635904,3.49401485918956,13.1926778460791
proc_errors,1997,0.310450397101006,0.0952630982536525,0.178874597607492,0.490073863146938
proc_errors,1998,0.490258757387201,0.258745575148418,0.135863292209435,1.01023752245176
proc_errors,1999,2.5936341982887,0.656224820301838,1.45635080974094,3.64503991383273
proc_errors,2000,0.444680211958455,0.0785880362439624,0.324068105796633,0.572599916456381
proc_errors,2001,0.556687638399349,0.329437864632156,0.186685966341783,1.1427412457605
proc_errors,2002,2.83146114551918,1.77352507762812,1.00492337416691,5.93324225104987
proc_errors,2003,0.15391206313792,0.0621811044721559,0.0941999856943954,0.287298666839282
proc_errors,2004,2.04353396613617,0.283738737538669,1.74888141195446,2.60372527528483
proc_errors,2005,1.27980328261532,0.54247053515222,0.688772411861306,2.21162998202598
proc_errors,2006,0.334562203781001,0.13351271614323,0.176878275181833,0.600253283258376
proc_errors,2007,1.45997948364784,0.51816749722723,0.787624283976693,2.44349969109876
proc_errors,2008,2.67120879936001,0.81105572813576,1.4453666096805,4.1252637729221
proc_errors,2009,0.852171138045818,0.509236643813774,0.334793770415737,2.03179317512031
proc_errors,2010,1.35081041018507,0.329261907921026,0.819110386425146,1.92019467389228
proc_errors,2011,1.19307156638756,0.629893551758414,0.394716157384345,2.30354776597271
proc_errors,2012,1.45267637346011,0.685730383914375,0.654721250660748,2.87199244513128
proc_errors,2013,1.65158784304842,0.16406089782255,1.36556522180483,1.87321700024606
proc_errors,2014,1.40121012573148,0.895232248758466,0.508906123629971,3.1534066104634
proc_errors,2015,0.71653532343558,0.928000463984023,0.0517393068440541,2.82500061630166
proc_errors,2016,0.844972118077161,0.498547026874843,0.249508327203728,1.77764680994679
proc_errors,2017,0.421643796696239,0.198202711860486,0.228714087396582,0.847412233847635
proc_errors,2018,0.29039696177053,0.146435221738579,0.0994765064430772,0.546314575321952
proc_errors,2019,0.57288106538397,0.359993979149199,0.177145913461515,1.27502738070337
proc_errors,2020,0.322228319807553,0.481594941516213,0.0171741808274529,1.48465752855437
r,1963,0.653336764432905,0.0204337832436389,0.616537679113443,0.695949837417654
sigma_obs,1963,1.38309700430251,0.0501721866540638,1.32697671928842,1.48500316227689
sigma_proc,1963,1.33196347081456,0.0542433243405519,1.24867082402498,1.42571820985383
sigma_ratio,1963,0.963672681373482,0.0401839695182126,0.915312850599733,1.05156967156865
terminal_ref,1963,0.00783991813428605,0.0288727244098778,3.95188023370276e-11,0.0438089419849535
u_t,1963,0.0024322015392536,0.000628870402994361,0.00155041417012906,0.0034617159430964
u_t,1964,0.000710351248138771,0.000191961371156013,0.000433464424368133,0.00103965178088433
u_t,1965,6.20825907725136e-05,3.50124755276559e-05,1.77463906135673e-05,0.000129881872993573
u_t,1966,0.00162269115762317,0.000942863626683943,0.000372612204161591,0.00335885257551616
u_t,1967,0.00289887304449836,0.00197431342147641,0.00047413916057146,0.00641112678039521
u_t,1968,0.00113798935898096,0.000657301797670318,0.000349110777691319,0.00234276997620352
u_t,1969,0.000294337364314955,0.000153462601559922,9.85662534402e-05,0.000580416622414281
u_t,1970,0.204821524175021,0.102880764002654,0.0686763345155155,0.397674533306897
u_t,1971,0.0334405527641421,0.0201491000710315,0.00582540095265844,0.0681666563459097
u_t,1972,0.0967476200319186,0.0533026738902103,0.0242324609836747,0.191283648687974
u_t,1973,1.37113520687e-05,9.25922225827039e-06,3.63571864170477e-06,3.08204081528492e-05
u_t,1974,0.0315409204670628,0.0222576173127641,0.00549500058863641,0.072111208287902
u_t,1975,0.00889779100137725,0.00551442220234227,0.00276803835571566,0.0188021026622646
u_t,1976,0.015506052307059,0.0112849077866401,0.00489986328888254,0.0374774767149492
u_t,1977,0.00384606340315166,0.00324028529602452,0.000946215881369797,0.0103409425047517
u_t,1978,0.0109797686381773,0.00579839059503996,0.0044081362047067,0.0212593619306415
u_t,1979,0.00845586594241543,0.00401668863702498,0.00359714832200681,0.0159841373086809
u_t,1980,0.0605462652630068,0.0446240048091427,0.0108638148265311,0.144627959407579
u_t,1981,0.0193516630808517,0.012112890089364,0.00685507157431661,0.042806238343712
u_t,1982,0.0437539752079182,0.0228617908056507,0.0184345408081693,0.0871285049633246
u_t,1983,0.0315260257048496,0.0148681865273948,0.0146710468043294,0.0603822962041399
u_t,1984,0.00558089170650069,0.00330721161156569,0.00151452195991505,0.0109406711989085
u_t,1985,0.0178606533598734,0.0154316580378671,0.00364210137969447,0.0355084440759518
u_t,1986,0.0258496145171685,0.0159187956054152,0.00750426123503362,0.0561043748024281
u_t,1987,0.0150103795578199,0.00932422116094154,0.00399509799812628,0.0327814758862533
u_t,1988,0.0158739410388818,0.0080741748939728,0.00661713818824032,0.0316087027857907
u_t,1989,0.00694191825450471,0.00290224525905337,0.00330642397357473,0.0122644041259648
u_t,1990,0.00638008847094976,0.00281358499394872,0.00278878779450215,0.0115807337110032
u_t,1991,0.0146496046574574,0.00879039034212001,0.00615562776020626,0.0311948032498741
u_t,1992,0.0163388415584847,0.00991083057176419,0.00632679592095318,0.03469067146822
u_t,1993,0.011378855819734,0.00583872530332882,0.00509488773986192,0.0224169625591034
u_t,1994,0.0160733865145581,0.00800920309873229,0.00437542255378772,0.0290041878951154
u_t,1995,0.0413988513682978,0.0168894158607265,0.0208601453988267,0.071095319344056
u_t,1996,0.0464846908125057,0.0214274824563337,0.0131829983051577,0.0819201227775858
u_t,1997,0.00454596757860054,0.00241532175160628,0.00170973439787623,0.00921202598538781
u_t,1998,0.0244885354573359,0.0107856384385295,0.0118068068069259,0.045657013616447
u_t,1999,0.0454134529552774,0.0314775009368087,0.00842060345188623,0.0985495898763177
u_t,2000,0.0114224471317777,0.00906330497711966,0.00213640957244363,0.0275382863415264
u_t,2001,0.0164122477900466,0.00882464089833211,0.00567451195230976,0.0317074869896638
u_t,2002,0.0273126590254551,0.0140986936816411,0.0131468578084923,0.0550697457138572
u_t,2003,0.00530586691595846,0.0030876591334372,0.00173658483741722,0.010866771164339
u_t,2004,0.0262528956708339,0.0108512770823769,0.0118621865022252,0.0438370818041719
u_t,2005,0.0317938460528542,0.014405720971754,0.01277729216681,0.0566750234110959
u_t,2006,0.0227289273342141,0.013364244263836,0.00571843723475879,0.0478716395247887
u_t,2007,0.027949860199505,0.0136338338508992,0.0125243195331204,0.0534305988168302
u_t,2008,0.0165245191021073,0.0107539242973001,0.00647897731861766,0.0352116800704596
u_t,2009,0.00466440302952963,0.00271361325249972,0.0019354382987449,0.0103491656136316
u_t,2010,0.0117680875671844,0.00906103908227006,0.00304864585632942,0.0269124836713088
u_t,2011,0.00950955572148256,0.00658978925713523,0.00302615798322718,0.0211242437219386
u_t,2012,0.0128494350144641,0.0101916864166811,0.0032910022015948,0.0328142603835705
u_t,2013,0.0935442079571794,0.0471455302123089,0.037905165855975,0.183201112232258
u_t,2014,0.0227570162796635,0.0102836204613764,0.0123868347523714,0.0387890151492861
u_t,2015,0.0400657299091457,0.0243735646716734,0.00904247361885382,0.0811159266699628
u_t,2016,8486043168.41622,35562313257.5977,0.0124316483587527,40285665123.995
u_t,2017,5071543017.19668,30696523155.7925,0.0267817491409538,2350938267.18851
u_t,2018,236863922.030013,400722786.166552,0.0609872866259193,1129288387.68851
u_t,2019,277967784.974047,385066415.301348,0.11886855147966,992430449.640477
u_t,2020,777513346.926637,708576797.075384,0.386700687979312,2061660642.15075
u_t,2021,340198738.944822,494186576.048685,0.597244929324777,1318640960.51236
umsy,1963,0.326668382216452,0.0102168916218195,0.308268839556722,0.347974918708827
b,1963,42563.7105140574,0.266433476970666,28887.4083468687,64498.8947026248
b,1964,146234.292270265,0.279759137021784,96186.052113116,230699.440137949
b,1965,19.0378115544397,0.604913016543064,7.69930395057612,56.3494932736515
b,1966,0.747156155217799,0.669892352597415,0.297720867653862,2.68375543505192
b,1967,0.449778734118415,0.796511385658526,0.155978830614759,2.10908578155656
b,1968,1.03973848770558,0.596695358481296,0.426845226492681,2.86442045317419
b,1969,3.90966330331433,0.548358838763412,1.72290038549757,10.1454722293234
b,1970,557.442929822536,0.539020288155738,251.461937725102,1456.10602812688
b,1971,3752.0774502762,0.751485911465621,1466.99291795499,17166.2009104216
b,1972,1221.4322033209,0.615738625067765,522.784088958413,4126.69660127583
b,1973,89.9868326598425,0.6700153981624,32.446058944007,275.048806021818
b,1974,2250.40442224954,0.806794019391572,748.843460118215,9827.11627431253
b,1975,6334.10315328664,0.61458039979036,2499.7205339278,16979.5350956006
b,1976,3962.88662190925,0.628411981727663,1334.1347173522,10204.3676934554
b,1977,27114.4848152988,0.733874075008764,7639.54233136697,83490.4714621313
b,1978,34280.7621697968,0.500559628264542,15616.6633389962,75315.3004620378
b,1979,6311.8653134666,0.461081436126365,3002.97729245439,13343.903519957
b,1980,7540.25374669688,0.857971262969815,2288.63087946656,30468.1197899012
b,1981,28502.6665127636,0.584845909119866,10839.5420284314,67687.1132375779
b,1982,10400.7946300742,0.493423632042001,4613.87477531061,21806.889917212
b,1983,8658.25023162129,0.441624344850277,4090.60307206545,16835.8813644218
b,1984,56350.9124505999,0.666441017720947,23581.7557030012,170350.791307099
b,1985,23024.5756826545,0.72769608919407,8927.4545186236,87037.7012164618
b,1986,17003.5810360796,0.601094832657786,6594.85247062532,49305.327794995
b,1987,27337.5970200488,0.639393270255856,10341.2073677707,84854.0509920345
b,1988,28221.1338440347,0.471787331377012,12654.7471867977,60449.0991417221
b,1989,43276.2562290544,0.402614162814433,22585.6876965598,83776.3101588446
b,1990,45718.8068064552,0.454412436301078,22796.4841808511,94664.7864878084
b,1991,22763.1397217419,0.510612944564623,9296.42026567952,47111.3607759434
b,1992,19918.5581528643,0.575487501453752,7927.20336782132,43465.9200244365
b,1993,30010.7022268371,0.483168300193306,13516.550319625,59471.3825841412
b,1994,21595.7142219131,0.593845333378986,10274.3792547124,68107.7392570179
b,1995,7495.21788964484,0.404850335600016,4022.76834404979,13710.355144431
b,1996,5059.70524341636,0.555990039083627,2514.64474269895,15626.1876301567
b,1997,50454.8684488454,0.528780278615754,21710.7508467819,116977.302416055
b,1998,14747.0565866297,0.433937435000886,7205.90280432724,27865.2932457098
b,1999,9053.24676004974,0.809208308499877,3135.47737992794,36695.7091991266
b,2000,33305.6598563523,0.845983794061262,9949.78402403125,128252.577104211
b,2001,15587.7045124658,0.543296561529656,7001.50124373079,39122.3140794162
b,2002,10492.2353092066,0.442084731988034,4684.97000487504,19624.4622530403
b,2003,36581.5879767481,0.596500347511348,15091.8814891159,94438.2309957074
b,2004,6090.70690590014,0.415571629458351,3353.32540429791,12392.3197116175
b,2005,19142.6635252916,0.465102062130111,9686.80794555113,42966.8665903277
b,2006,30791.4580752756,0.665519482897492,11990.3999127127,100377.07566928
b,2007,10712.7603106881,0.470068645108099,5015.85452004007,21398.3681401796
b,2008,22013.2989313773,0.566035825498473,8718.70005521773,47384.0217560803
b,2009,76061.1772120803,0.501717528098908,29954.1067749944,160170.480659446
b,2010,32402.8015995141,0.68753639946797,11184.4130572184,98732.3601077121
b,2011,47457.9734088034,0.637749978241815,17373.4034317135,121275.889358052
b,2012,47259.5456069641,0.708130659022252,14323.041321265,142813.63889217
b,2013,58478.1855568438,0.475749869332853,26664.689294162,128874.297624226
b,2014,77191.567489427,0.368133542729576,42073.7756015314,131752.788108719
b,2015,64226.8961746867,0.705012526657322,25568.3470154107,229362.018455976
b,2016,251.422322028077,9.32452227441258,5.54539765518495e-08,179702.654311195
b,2017,36.5830663186829,9.73835091163327,9.7918351910888e-07,85954.6093591261
b,2018,2.58334852859692,9.87810622700761,2.21555460072485e-06,41024.9819190192
b,2019,0.0373894290337939,9.79400571989204,2.31754461196329e-06,19349.1325348152
b,2020,0.000167793118444688,8.17238107309899,1.0642887975965e-06,5674.15880052741
b,2021,0.000172981027787149,6.59041025411016,1.79655638825886e-06,3966.55864544605
b_div_bmsy,1963,1.47159778055307,0.0386137142020029,1.39768563822108,1.57210168172422
b_div_bmsy,1964,5.05590460386666,0.0182871312532283,4.86961376952586,5.23035874321366
b_div_bmsy,1965,0.000658213320496299,0.595031011237998,0.000255680096500556,0.00173087779125078
b_div_bmsy,1966,2.5832177845067e-05,0.622949693229288,9.67101646042136e-06,7.71295610534716e-05
b_div_bmsy,1967,1.55506505160077e-05,0.735551223089499,5.87363463507167e-06,5.79586358752694e-05
b_div_bmsy,1968,3.59479197744708e-05,0.600326339678655,1.40977082173123e-05,9.1775786338011e-05
b_div_bmsy,1969,0.000135172703939121,0.545435905829469,5.68364235011243e-05,0.000314075738908863
b_div_bmsy,1970,0.0192730325529518,0.530155369515631,0.00820734543892184,0.0465768818554315
b_div_bmsy,1971,0.129724330459067,0.701203173581832,0.0469668594553911,0.496437568717041
b_div_bmsy,1972,0.0422297985254233,0.590081792358083,0.0160352577857314,0.112879925477741
b_div_bmsy,1973,0.0031112048649398,0.69928436860713,0.00104017635362684,0.0107216712941626
b_div_bmsy,1974,0.0778054853097331,0.854463730565061,0.0249141184636531,0.39655831856486
b_div_bmsy,1975,0.21899529034463,0.657534460693899,0.0775897198450446,0.614176919726268
b_div_bmsy,1976,0.137012847022796,0.71963765401862,0.0354975516255421,0.377193412179177
b_div_bmsy,1977,0.937456231919802,0.723057876933128,0.279448504644816,2.88818816058982
b_div_bmsy,1978,1.18522311413803,0.440586374332999,0.551508044068622,2.21738352795824
b_div_bmsy,1979,0.218226439242877,0.37683492464929,0.120428846340563,0.392187884873286
b_div_bmsy,1980,0.260696742469888,0.88438911090107,0.0863413296328984,1.0752752337181
b_div_bmsy,1981,0.985451227664334,0.484108921950561,0.466242151317608,2.26277551006087
b_div_bmsy,1982,0.359597086549831,0.334636742493049,0.200638384969778,0.583765406065668
b_div_bmsy,1983,0.29935035433809,0.282897568173241,0.180437950569742,0.430358630468299
b_div_bmsy,1984,1.94827651755256,0.499960815516393,0.935810171073824,4.37207356564636
b_div_bmsy,1985,0.796051708451971,0.563512180388695,0.344124999825149,2.17456929486944
b_div_bmsy,1986,0.587881832010039,0.565096951137073,0.244915873381933,1.66620029836266
b_div_bmsy,1987,0.945170113565907,0.641846711203268,0.338677920006016,2.8317294560386
b_div_bmsy,1988,0.975717516823551,0.448427756588031,0.420560373618748,1.80866342658086
b_div_bmsy,1989,1.49623333699465,0.268670845649392,0.930466263462205,2.1264466721559
b_div_bmsy,1990,1.58068208371293,0.351302635640989,0.810684333027718,2.48061257310747
b_div_bmsy,1991,0.787012821212366,0.442333022003117,0.341539569808271,1.37714546375
b_div_bmsy,1992,0.688664254491898,0.507215152961775,0.273380207085108,1.4820475362998
b_div_bmsy,1993,1.03759005632901,0.411231918564232,0.463220902731183,1.83468419507786
b_div_bmsy,1994,0.746650250521034,0.449412404392586,0.406094298752062,1.74572852521155
b_div_bmsy,1995,0.259139672691838,0.422959264803225,0.128158613636,0.478662919367394
b_div_bmsy,1996,0.174934255414718,0.434612946190653,0.095610310534541,0.411383936060935
b_div_bmsy,1997,1.74442668486094,0.415082411442361,0.881953794788478,3.29346879054631
b_div_bmsy,1998,0.509864752872225,0.327178565311075,0.304801360832664,0.830696260913044
b_div_bmsy,1999,0.31300696480605,0.718240152115779,0.0901982928611354,0.93761521899429
b_div_bmsy,2000,1.15150992553331,0.782930238614279,0.290727950643597,3.93324018952436
b_div_bmsy,2001,0.538929315311591,0.474860204682075,0.225728876067185,0.984356780931518
b_div_bmsy,2002,0.362758556704534,0.465971547878105,0.177515085340044,0.766009660170442
b_div_bmsy,2003,1.26477186846551,0.485713005638288,0.591040311568942,2.77255084671115
b_div_bmsy,2004,0.210580108183042,0.363680769663916,0.119861951411128,0.427395913070129
b_div_bmsy,2005,0.661838472667687,0.433578427027926,0.362354655025588,1.62592765932314
b_div_bmsy,2006,1.06458391000952,0.671053130987432,0.46396167994997,3.41771498043115
b_div_bmsy,2007,0.370382988381594,0.323983986814913,0.222204058741192,0.586595547536997
b_div_bmsy,2008,0.761087824788377,0.462111657720613,0.346144594386337,1.60496542214257
b_div_bmsy,2009,2.62973923607021,0.466902235850293,1.13624300061216,4.52066297052022
b_div_bmsy,2010,1.12029450303206,0.630063826529174,0.421448874027549,3.39585104310281
b_div_bmsy,2011,1.64081203199792,0.547373438444763,0.666560939327379,3.57997527295816
b_div_bmsy,2012,1.63395158892892,0.588616857577475,0.597927155227295,3.78377874371076
b_div_bmsy,2013,2.0218248605887,0.393274015982423,1.03680541567315,3.54746629513419
b_div_bmsy,2014,2.66882135093312,0.26447090557005,1.56649175888552,3.44754857748934
b_div_bmsy,2015,2.22058078868067,0.612144914698577,0.95723416010183,6.24549393050686
b_div_bmsy,2016,0.00869267567628579,9.35218791573707,1.70329344329386e-12,4.86381120780084
b_div_bmsy,2017,0.00126482298066141,9.78419003565535,5.14994820797008e-11,2.91403900776223
b_div_bmsy,2018,8.93166952590445e-05,9.87268955066983,7.93148164398746e-11,1.12969226522354
b_div_bmsy,2019,1.29270216618228e-06,9.75998542567244,9.53465835937468e-11,0.485251665692122
b_div_bmsy,2020,5.80127948698763e-09,8.08165180821717,4.38709657734526e-11,0.138634826703144
b_div_bmsy,2021,5.98064627108307e-09,6.4717774579074,7.90375663352072e-11,0.0876128410162181
c_div_msy,1963,0.0105889658711156,0.268885076205173,0.00681302754785553,0.0153944844303432
c_div_msy,1964,0.0105889658711156,0.268885076205173,0.00681302754785553,0.0153944844303432
c_div_msy,1965,1.05889658711156e-07,0.268885076205173,6.81302754785554e-08,1.53944844303432e-07
c_div_msy,1966,1.05889658711156e-07,0.268885076205173,6.81302754785554e-08,1.53944844303432e-07
c_div_msy,1967,1.05889658711156e-07,0.268885076205173,6.81302754785554e-08,1.53944844303432e-07
c_div_msy,1968,1.05889658711156e-07,0.268885076205173,6.81302754785554e-08,1.53944844303432e-07
c_div_msy,1969,1.05889658711156e-07,0.268885076205173,6.81302754785554e-08,1.53944844303432e-07
c_div_msy,1970,0.0105889658711156,0.268885076205173,0.00681302754785553,0.0153944844303432
c_div_msy,1971,0.0105889658711156,0.268885076205173,0.00681302754785553,0.0153944844303432
c_div_msy,1972,0.0105889658711156,0.268885076205173,0.00681302754785553,0.0153944844303432
c_div_msy,1973,1.05889658711156e-07,0.268885076205173,6.81302754785554e-08,1.53944844303432e-07
c_div_msy,1974,0.00571804157040243,0.268885076205173,0.00367903487584199,0.0083130215923853
c_div_msy,1975,0.00497681395942433,0.268885076205173,0.0032021229474921,0.00723540768226128
c_div_msy,1976,0.0052944829355578,0.268885076205173,0.00340651377392777,0.00769724221517158
c_div_msy,1977,0.00836528303818133,0.268885076205173,0.00538229176280587,0.0121616426999711
c_div_msy,1978,0.0351553666921038,0.268885076205173,0.0226192514588804,0.0511096883087393
c_div_msy,1979,0.00508270361813549,0.268885076205173,0.00327025322297066,0.00738935252656472
c_div_msy,1980,0.0350494770333926,0.268885076205173,0.0225511211834018,0.0509557434644359
c_div_msy,1981,0.0491328016419764,0.268885076205173,0.0316124478220497,0.0714304077567923
c_div_msy,1982,0.0425676428018847,0.268885076205173,0.0273883707423792,0.0618858274099795
c_div_msy,1983,0.0261547457016555,0.268885076205173,0.0168281780432032,0.0380243765429476
c_div_msy,1984,0.0273195319474782,0.268885076205173,0.0175776110734673,0.0397177698302854
c_div_msy,1985,0.0335670218114364,0.268885076205173,0.021597297326702,0.0488005156441878
c_div_msy,1986,0.0391791737231277,0.268885076205173,0.0252082019270655,0.0569595923922697
c_div_msy,1987,0.0358965943030819,0.268885076205173,0.0230961633872303,0.0521873022188633
c_div_msy,1988,0.0423558634844624,0.268885076205173,0.0272521101914221,0.0615779377213726
c_div_msy,1989,0.0293314354629902,0.268885076205173,0.0188720863075598,0.0426427218720505
c_div_msy,1990,0.0279548698997452,0.268885076205173,0.0179863927263386,0.040641438896106
c_div_msy,1991,0.0307080010262352,0.268885076205173,0.0197577798887811,0.0446440048479952
c_div_msy,1992,0.0291196561455679,0.268885076205173,0.0187358257566027,0.0423348321834437
c_div_msy,1993,0.0320845665894803,0.268885076205173,0.0206434734700023,0.0466452878239398
c_div_msy,1994,0.0315551182959245,0.268885076205173,0.0203028220926095,0.0458755636024226
c_div_msy,1995,0.0302844423913906,0.268885076205173,0.0194852587868668,0.0440282254707814
c_div_msy,1996,0.0218132696944981,0.268885076205173,0.0140348367485824,0.0317126379265069
c_div_msy,1997,0.0211779317422312,0.268885076205173,0.0136260550957111,0.0307889688606863
c_div_msy,1998,0.0348376977159703,0.268885076205173,0.0224148606324447,0.050647853775829
c_div_msy,1999,0.0327199045417472,0.268885076205173,0.0210522551228736,0.0475689568897604
c_div_msy,2000,0.0290137664868567,0.268885076205173,0.0186676954811242,0.0421808873391403
c_div_msy,2001,0.0235075042338766,0.268885076205173,0.0151249211562393,0.0341757554353618
c_div_msy,2002,0.0273195319474782,0.268885076205173,0.0175776110734673,0.0397177698302854
c_div_msy,2003,0.0173659040286296,0.268885076205173,0.0111733651784831,0.0252469544657628
c_div_msy,2004,0.0155657798305399,0.268885076205173,0.0100151504953476,0.0226298921126044
c_div_msy,2005,0.0581334226324246,0.268885076205173,0.0374035212377269,0.0845157195225839
c_div_msy,2006,0.0607806641002036,0.268885076205173,0.0391067781246908,0.0883643406301697
c_div_msy,2007,0.0283784285345898,0.268885076205173,0.0182589138282528,0.0412572182733197
c_div_msy,2008,0.0325081252243249,0.268885076205173,0.0209159945719165,0.0472610672011535
c_div_msy,2009,0.0328257942004584,0.268885076205173,0.0211203853983522,0.0477229017340638
c_div_msy,2010,0.031872787272058,0.268885076205173,0.0205072129190452,0.0463373981353329
c_div_msy,2011,0.0388615047469943,0.268885076205173,0.0250038111006298,0.0564977578593594
c_div_msy,2012,0.0497681395942433,0.268885076205173,0.032021229474921,0.0723540768226129
c_div_msy,2013,0.517270982803997,0.268885076205173,0.332816395712743,0.752020564422263
c_div_msy,2014,0.172811923016607,0.268885076205173,0.111188609581002,0.2512379859032
c_div_msy,2015,0.219615152166938,0.268885076205173,0.141302191342524,0.319281607085317
c_div_msy,2016,0.236557497560722,0.268885076205173,0.152203035419093,0.343912782173866
c_div_msy,2017,0.243757994353081,0.268885076205173,0.156835894151634,0.3543810315865
c_div_msy,2018,0.264935926095312,0.268885076205173,0.170461949247345,0.385170000447186
c_div_msy,2019,0.243546215035659,0.268885076205173,0.156699633600677,0.354073141897893
c_div_msy,2020,0.232343089144018,0.268885076205173,0.149491450455046,0.33778577737059
c_div_msy,2021,0.250852601486728,0.268885076205173,0.161400622608698,0.36469533615483
depletion,1963,0.735798890276535,0.0386137142020029,0.69884281911054,0.786050840862109
depletion,1964,2.52795230193333,0.0182871312532283,2.43480688476293,2.61517937160683
depletion,1965,0.00032910666024815,0.595031011237998,0.000127840048250278,0.000865438895625392
depletion,1966,1.29160889225335e-05,0.622949693229288,4.83550823021068e-06,3.85647805267358e-05
depletion,1967,7.77532525800383e-06,0.735551223089499,2.93681731753584e-06,2.89793179376347e-05
depletion,1968,1.79739598872354e-05,0.600326339678655,7.04885410865617e-06,4.58878931690054e-05
depletion,1969,6.75863519695606e-05,0.545435905829469,2.84182117505622e-05,0.000157037869454432
depletion,1970,0.00963651627647588,0.530155369515631,0.00410367271946092,0.0232884409277157
depletion,1971,0.0648621652295337,0.701203173581832,0.0234834297276956,0.24821878435852
depletion,1972,0.0211148992627116,0.590081792358083,0.00801762889286568,0.0564399627388704
depletion,1973,0.0015556024324699,0.69928436860713,0.000520088176813419,0.00536083564708129
depletion,1974,0.0389027426548666,0.854463730565061,0.0124570592318265,0.19827915928243
depletion,1975,0.109497645172315,0.657534460693899,0.0387948599225223,0.307088459863134
depletion,1976,0.0685064235113978,0.71963765401862,0.0177487758127711,0.188596706089589
depletion,1977,0.468728115959901,0.723057876933128,0.139724252322408,1.44409408029491
depletion,1978,0.592611557069014,0.440586374332999,0.275754022034311,1.10869176397912
depletion,1979,0.109113219621438,0.37683492464929,0.0602144231702814,0.196093942436643
depletion,1980,0.130348371234944,0.88438911090107,0.0431706648164492,0.537637616859052
depletion,1981,0.492725613832167,0.484108921950561,0.233121075658804,1.13138775503044
depletion,1982,0.179798543274915,0.334636742493049,0.100319192484889,0.291882703032834
depletion,1983,0.149675177169045,0.282897568173241,0.0902189752848711,0.21517931523415
depletion,1984,0.97413825877628,0.499960815516393,0.467905085536912,2.18603678282318
depletion,1985,0.398025854225986,0.563512180388695,0.172062499912575,1.08728464743472
depletion,1986,0.29394091600502,0.565096951137073,0.122457936690967,0.833100149181331
depletion,1987,0.472585056782953,0.641846711203268,0.169338960003008,1.4158647280193
depletion,1988,0.487858758411775,0.448427756588031,0.210280186809374,0.904331713290432
depletion,1989,0.748116668497326,0.268670845649392,0.465233131731102,1.06322333607795
depletion,1990,0.790341041856463,0.351302635640989,0.405342166513859,1.24030628655374
depletion,1991,0.393506410606183,0.442333022003117,0.170769784904136,0.688572731874998
depletion,1992,0.344332127245949,0.507215152961775,0.136690103542554,0.741023768149898
depletion,1993,0.518795028164504,0.411231918564232,0.231610451365592,0.917342097538929
depletion,1994,0.373325125260517,0.449412404392586,0.203047149376031,0.872864262605773
depletion,1995,0.129569836345919,0.422959264803225,0.0640793068179999,0.239331459683697
depletion,1996,0.0874671277073591,0.434612946190653,0.0478051552672705,0.205691968030468
depletion,1997,0.87221334243047,0.415082411442361,0.440976897394239,1.64673439527316
depletion,1998,0.254932376436112,0.327178565311075,0.152400680416332,0.415348130456522
depletion,1999,0.156503482403025,0.718240152115779,0.0450991464305677,0.468807609497145
depletion,2000,0.575754962766653,0.782930238614279,0.145363975321799,1.96662009476218
depletion,2001,0.269464657655796,0.474860204682075,0.112864438033592,0.492178390465759
depletion,2002,0.181379278352267,0.465971547878105,0.0887575426700218,0.383004830085221
depletion,2003,0.632385934232753,0.485713005638288,0.295520155784471,1.38627542335557
depletion,2004,0.105290054091521,0.363680769663916,0.0599309757055642,0.213697956535065
depletion,2005,0.330919236333843,0.433578427027926,0.181177327512794,0.812963829661569
depletion,2006,0.532291955004759,0.671053130987432,0.231980839974985,1.70885749021557
depletion,2007,0.185191494190797,0.323983986814913,0.111102029370596,0.293297773768498
depletion,2008,0.380543912394188,0.462111657720613,0.173072297193168,0.802482711071286
depletion,2009,1.31486961803511,0.466902235850293,0.568121500306082,2.26033148526011
depletion,2010,0.560147251516029,0.630063826529174,0.210724437013774,1.6979255215514
depletion,2011,0.820406015998959,0.547373438444763,0.333280469663689,1.78998763647908
depletion,2012,0.816975794464462,0.588616857577475,0.298963577613647,1.89188937185538
depletion,2013,1.01091243029435,0.393274015982423,0.518402707836576,1.77373314756709
depletion,2014,1.33441067546656,0.26447090557005,0.78324587944276,1.72377428874467
depletion,2015,1.11029039434034,0.612144914698577,0.478617080050915,3.12274696525343
depletion,2016,0.00434633783814289,9.35218791573707,8.51646721646927e-13,2.43190560390042
depletion,2017,0.000632411490330705,9.78419003565535,2.57497410398504e-11,1.45701950388111
depletion,2018,4.46583476295223e-05,9.87268955066983,3.96574082199374e-11,0.564846132611771
depletion,2019,6.46351083091141e-07,9.75998542567244,4.76732917968733e-11,0.242625832846061
depletion,2020,2.90063974349382e-09,8.08165180821717,2.19354828867263e-11,0.0693174133515718
depletion,2021,2.99032313554153e-09,6.4717774579074,3.95187831676038e-11,0.0438064205081091
ihat,1963,42563.7105140574,0.266433476970666,28887.4083468687,64498.8947026248
ihat,1964,146234.292270265,0.279759137021784,96186.052113116,230699.440137949
ihat,1965,19.0378115544397,0.604913016543064,7.69930395057612,56.3494932736515
ihat,1966,0.747156155217799,0.669892352597415,0.297720867653862,2.68375543505192
ihat,1967,0.449778734118415,0.796511385658526,0.155978830614759,2.10908578155656
ihat,1968,1.03973848770558,0.596695358481296,0.426845226492681,2.86442045317419
ihat,1969,3.90966330331433,0.548358838763412,1.72290038549757,10.1454722293234
ihat,1970,557.442929822536,0.539020288155738,251.461937725102,1456.10602812688
ihat,1971,3752.0774502762,0.751485911465621,1466.99291795499,17166.2009104216
ihat,1972,1221.4322033209,0.615738625067765,522.784088958413,4126.69660127583
ihat,1973,89.9868326598425,0.6700153981624,32.446058944007,275.048806021818
ihat,1974,2250.40442224954,0.806794019391572,748.843460118215,9827.11627431253
ihat,1975,6334.10315328664,0.61458039979036,2499.7205339278,16979.5350956006
ihat,1976,3962.88662190925,0.628411981727663,1334.1347173522,10204.3676934554
ihat,1977,27114.4848152988,0.733874075008764,7639.54233136697,83490.4714621313
ihat,1978,34280.7621697968,0.500559628264542,15616.6633389962,75315.3004620378
ihat,1979,6311.8653134666,0.461081436126365,3002.97729245439,13343.903519957
ihat,1980,7540.25374669688,0.857971262969815,2288.63087946656,30468.1197899012
ihat,1981,28502.6665127636,0.584845909119866,10839.5420284314,67687.1132375779
ihat,1982,10400.7946300742,0.493423632042001,4613.87477531061,21806.889917212
ihat,1983,8658.25023162129,0.441624344850277,4090.60307206545,16835.8813644218
ihat,1984,56350.9124505999,0.666441017720947,23581.7557030012,170350.791307099
ihat,1985,23024.5756826545,0.72769608919407,8927.4545186236,87037.7012164618
ihat,1986,17003.5810360796,0.601094832657786,6594.85247062532,49305.327794995
ihat,1987,27337.5970200488,0.639393270255856,10341.2073677707,84854.0509920345
ihat,1988,28221.1338440347,0.471787331377012,12654.7471867977,60449.0991417221
ihat,1989,43276.2562290544,0.402614162814433,22585.6876965598,83776.3101588446
ihat,1990,45718.8068064552,0.454412436301078,22796.4841808511,94664.7864878084
ihat,1991,22763.1397217419,0.510612944564623,9296.42026567952,47111.3607759434
ihat,1992,19918.5581528643,0.575487501453752,7927.20336782132,43465.9200244365
ihat,1993,30010.7022268371,0.483168300193306,13516.550319625,59471.3825841412
ihat,1994,21595.7142219131,0.593845333378986,10274.3792547124,68107.7392570179
ihat,1995,7495.21788964484,0.404850335600016,4022.76834404979,13710.355144431
ihat,1996,5059.70524341636,0.555990039083627,2514.64474269895,15626.1876301567
ihat,1997,50454.8684488454,0.528780278615754,21710.7508467819,116977.302416055
ihat,1998,14747.0565866297,0.433937435000886,7205.90280432724,27865.2932457098
ihat,1999,9053.24676004974,0.809208308499877,3135.47737992794,36695.7091991266
ihat,2000,33305.6598563523,0.845983794061262,9949.78402403125,128252.577104211
ihat,2001,15587.7045124658,0.543296561529656,7001.50124373079,39122.3140794162
ihat,2002,10492.2353092066,0.442084731988034,4684.97000487504,19624.4622530403
ihat,2003,36581.5879767481,0.596500347511348,15091.8814891159,94438.2309957074
ihat,2004,6090.70690590014,0.415571629458351,3353.32540429791,12392.3197116175
ihat,2005,19142.6635252916,0.465102062130111,9686.80794555113,42966.8665903277
ihat,2006,30791.4580752756,0.665519482897492,11990.3999127127,100377.07566928
ihat,2007,10712.7603106881,0.470068645108099,5015.85452004007,21398.3681401796
ihat,2008,22013.2989313773,0.566035825498473,8718.70005521773,47384.0217560803
ihat,2009,76061.1772120803,0.501717528098908,29954.1067749944,160170.480659446
ihat,2010,32402.8015995141,0.68753639946797,11184.4130572184,98732.3601077121
ihat,2011,47457.9734088034,0.637749978241815,17373.4034317135,121275.889358052
ihat,2012,47259.5456069641,0.708130659022252,14323.041321265,142813.63889217
ihat,2013,58478.1855568438,0.475749869332853,26664.689294162,128874.297624226
ihat,2014,77191.567489427,0.368133542729576,42073.7756015314,131752.788108719
ihat,2015,64226.8961746867,0.705012526657322,25568.3470154107,229362.018455976
ihat,2016,251.422322028077,9.32452227441258,5.54539765518495e-08,179702.654311195
ihat,2017,36.5830663186829,9.73835091163327,9.7918351910888e-07,85954.6093591261
ihat,2018,2.58334852859692,9.87810622700761,2.21555460072485e-06,41024.9819190192
ihat,2019,0.0373894290337939,9.79400571989204,2.31754461196329e-06,19349.1325348152
ihat,2020,0.000167793118444688,8.17238107309899,1.0642887975965e-06,5674.15880052741
ihat,2021,0.000172981027787149,6.59041025411016,1.79655638825886e-06,3966.55864544605
sigma_ratio,1963,0.96285496788835,0.040979938212973,0.915312850598588,1.05156967132743
u_div_umsy,1963,0.00719555710877462,0.262751520464089,0.00477490053486487,0.0104932883772258
u_div_umsy,1964,0.00209437612074748,0.271950507595561,0.00134532615218887,0.00309120690017016
u_div_umsy,1965,0.000160874378281063,0.597960623813285,5.54345902079744e-05,0.000395742638343301
u_div_umsy,1966,0.00409913787936302,0.662629861298035,0.00117177389434819,0.0103002326368546
u_div_umsy,1967,0.00680933949368577,0.784424139837759,0.00148288852391877,0.0197628361729329
u_div_umsy,1968,0.00294564078743594,0.601947055198993,0.00107342205735537,0.00721516957801989
u_div_umsy,1969,0.000783365691632878,0.54891665613337,0.000296306434622504,0.00178554371062185
u_div_umsy,1970,0.549418771644935,0.531390440444249,0.216259068136643,1.22803555241913
u_div_umsy,1971,0.0816266758413279,0.741967937526976,0.0184114044816546,0.209061275459094
u_div_umsy,1972,0.250746303341722,0.605282143534937,0.0764600035535097,0.587229269902708
u_div_umsy,1973,3.4034936080368e-05,0.677202715524971,1.08780549786427e-05,9.3651100383476e-05
u_div_umsy,1974,0.0734914967452445,0.823352766354571,0.0159640290791187,0.221621588271833
u_div_umsy,1975,0.0227256666186399,0.621819205669913,0.00841923046056935,0.0583771750379842
u_div_umsy,1976,0.0386422372106239,0.640629600324461,0.0150136199742952,0.119133162995479
u_div_umsy,1977,0.00892338517079372,0.721516243623574,0.00291320722182523,0.0304796696770545
u_div_umsy,1978,0.0296613914061835,0.485503277513389,0.0136341091503298,0.0636098269300258
u_div_umsy,1979,0.023290961607446,0.448447131690568,0.0113069745130453,0.047880817156292
u_div_umsy,1980,0.134445396982439,0.872092512316206,0.0323827886430314,0.443417536915607
u_div_umsy,1981,0.0498581769068658,0.582693182066214,0.0207987575400333,0.130748416828108
u_div_umsy,1982,0.118375939055296,0.48496510998812,0.0574754649700405,0.263000402084701
u_div_umsy,1983,0.0873716877986923,0.434900532840314,0.0453346053688407,0.181024595199257
u_div_umsy,1984,0.0140224099101688,0.649148508681227,0.0047559989420763,0.0330118426942682
u_div_umsy,1985,0.0421668862148566,0.706574934967292,0.0114328907657005,0.104371063294882
u_div_umsy,1986,0.0666446411333539,0.614757141576654,0.0221673449131461,0.171087329486273
u_div_umsy,1987,0.0379789773162128,0.66028358065541,0.0118505528811494,0.103947124302346
u_div_umsy,1988,0.0434099652349708,0.487015240377684,0.0198123571347748,0.0986933834596536
u_div_umsy,1989,0.019603516869839,0.404822581673162,0.0101302731352177,0.0378866785038468
u_div_umsy,1990,0.0176853209053151,0.453469925893484,0.00863439988921664,0.0356631047014257
u_div_umsy,1991,0.0390184253655876,0.510564314175058,0.018877153327048,0.095932571375244
u_div_umsy,1992,0.0422842567414111,0.573320263492809,0.019618614275097,0.106085007853654
u_div_umsy,1993,0.0309221993732239,0.479819457242428,0.0156913425611536,0.0686604696758907
u_div_umsy,1994,0.042262248320287,0.576705476221426,0.0140026795595336,0.0881593945070968
u_div_umsy,1995,0.116865326242053,0.40653343156567,0.0646442316682011,0.221504497777929
u_div_umsy,1996,0.124694100893991,0.548506443667399,0.0409586290619045,0.247070678617276
u_div_umsy,1997,0.0121403392449935,0.536259800261236,0.00519017710911996,0.0284712292440307
u_div_umsy,1998,0.0683273309631993,0.4170702102299,0.0367598662691286,0.134745542510378
u_div_umsy,1999,0.104534110165956,0.796422262399133,0.0268462668908869,0.302064894954764
u_div_umsy,2000,0.0251962799829271,0.828434560227357,0.00681584114071903,0.0809484005518554
u_div_umsy,2001,0.0436189005979112,0.532758714288431,0.0178616767353425,0.0954937936618422
u_div_umsy,2002,0.0753105100970229,0.4308902639432,0.0401121589006145,0.162040355694475
u_div_umsy,2003,0.013730463541776,0.583945089817018,0.00541877780629727,0.0329378824595671
u_div_umsy,2004,0.0739185669759925,0.422462744697134,0.0357710875203157,0.134983215927135
u_div_umsy,2005,0.0878362697745644,0.476904454170862,0.0382503957655177,0.174586719434564
u_div_umsy,2006,0.057093352180816,0.681641193877597,0.0169727102645766,0.146362263682421
u_div_umsy,2007,0.0766191467340083,0.458654316370988,0.039012611113877,0.159836247409287
u_div_umsy,2008,0.0427127122068519,0.558959723089666,0.0201120589829655,0.107161479397701
u_div_umsy,2009,0.0124825282104822,0.502948898844588,0.00591194541043222,0.0321613515244577
u_div_umsy,2010,0.0284503647797921,0.701290203590735,0.0091136613778633,0.0835329777055508
u_div_umsy,2011,0.0236843123948055,0.641667124001769,0.00919252949109906,0.0651770862164631
u_div_umsy,2012,0.0304587601808123,0.68969346623195,0.0104216122592576,0.0955473651862033
u_div_umsy,2013,0.255843615778561,0.477868491888983,0.115332419274652,0.560705138189386
u_div_umsy,2014,0.0647521509658879,0.368978059956175,0.0374739307840832,0.122084179242378
u_div_umsy,2015,0.0988998703791448,0.696224601397327,0.0277898425269975,0.240222196904353
u_div_umsy,2016,27.2134273001888,9.32335578825126,0.0391025893441996,122873896531.715
u_div_umsy,2017,192.721035338568,9.74083362839176,0.0852713503019556,7190497325.97743
u_div_umsy,2018,2966.25312128847,9.87533232989466,0.191961447796266,3495099849.52464
u_div_umsy,2019,188400.871760678,9.78692747418849,0.376647606433668,3017558011.52224
u_div_umsy,2020,40050318.1522573,8.16086641488784,1.22476633656736,6352899531.57446
u_div_umsy,2021,41944062.5839422,6.57965366809824,1.83510779959999,4117928973.69568
